width_ms,rep,t_ms,tau
2,0,1.836336,0.148430
2,0,3.104707,0.049477
2,0,5.411292,0.049477
2,0,7.266201,0.000000
2,0,9.383146,-0.272121
2,0,11.239741,0.222645
2,0,13.389147,0.000000
2,0,15.387992,-0.123691
2,0,17.407347,-0.024738
2,0,19.421020,0.049477
2,0,21.417796,0.074215
2,0,23.454125,0.074215
2,0,25.491798,0.074215
2,0,27.427475,0.049477
2,0,29.342594,0.049477
2,0,31.319132,0.074215
2,0,33.464295,0.024738
2,0,35.545594,0.049477
2,0,37.486748,0.074215
2,0,39.364226,0.049477
2,0,41.445172,0.074215
2,0,43.443869,0.123691
2,0,45.605283,0.123691
2,0,47.425024,0.024738
2,0,49.470126,0.123691
2,0,51.630401,0.000000
2,0,53.451858,0.123691
2,0,55.449209,0.049477
2,0,57.395196,0.024738
2,0,59.375877,0.049477
2,0,61.396344,0.049477
2,1,0.115062,0.000000
2,1,2.128958,0.000000
2,1,4.094370,0.049477
2,1,6.149130,0.123691
2,1,8.144661,0.049477
2,1,10.006572,0.074215
2,1,12.341413,0.049477
2,1,14.224234,0.049477
2,1,16.317176,0.074215
2,1,18.098412,0.123691
2,1,20.353087,0.123691
2,1,22.208254,0.148430
2,1,24.311415,0.123691
2,1,26.253085,0.123691
2,1,28.260317,0.074215
2,1,30.290791,0.024738
2,1,32.283743,0.049477
2,1,34.115519,0.049477
2,1,36.216060,0.000000
2,1,38.051710,0.049477
2,1,39.967446,0.049477
2,1,42.065442,0.049477
2,1,43.994036,0.049477
2,1,45.957326,0.049477
2,1,48.007174,0.123691
2,1,50.059331,0.074215
2,1,51.966109,0.024738
2,1,53.998332,0.024738
2,1,55.932412,0.074215
2,1,57.949532,0.024738
2,1,59.950979,0.074215
2,1,61.963463,0.000000
2,2,1.009003,0.123691
2,2,3.470454,0.049477
2,2,5.180593,0.074215
2,2,7.146144,-0.272121
2,2,9.062011,0.321598
2,2,11.167824,-0.024738
2,2,13.179918,-0.024738
2,2,15.201733,0.000000
2,2,16.891307,0.024738
2,2,18.891176,0.000000
2,2,20.975402,0.024738
2,2,23.174603,0.049477
2,2,25.221149,0.074215
2,2,27.120213,0.074215
2,2,29.162364,0.074215
2,2,30.988526,0.074215
2,2,32.943892,0.049477
2,2,34.926158,0.049477
2,2,37.116142,0.049477
2,2,38.943438,0.024738
2,2,41.118981,0.049477
2,2,42.906751,0.024738
2,2,45.030793,0.049477
2,2,46.978457,0.024738
2,2,49.143748,0.123691
2,2,51.083255,0.074215
2,2,53.169073,0.024738
2,2,55.206329,0.074215
2,2,56.933337,0.074215
2,2,58.971423,0.024738
2,2,60.904050,0.049477
2,3,0.305969,0.049477
2,3,2.380625,0.049477
2,3,4.346998,0.123691
2,3,6.510154,-0.321598
2,3,8.536821,0.247383
2,3,10.506769,0.074215
2,3,12.526200,-0.049477
2,3,14.206963,0.000000
2,3,16.318653,0.024738
2,3,18.319530,0.074215
2,3,20.229535,0.074215
2,3,22.497855,0.074215
2,3,24.470425,0.049477
2,3,26.244406,0.024738
2,3,28.254659,0.049477
2,3,30.277782,0.049477
2,3,32.217109,0.074215
2,3,34.300500,0.074215
2,3,36.272565,0.024738
2,3,38.532877,0.123691
2,3,40.550828,0.000000
2,3,42.398453,0.148430
2,3,44.423740,0.074215
2,3,46.540077,0.049477
2,3,48.187575,0.074215
2,3,50.387376,0.024738
2,3,52.545584,0.024738
2,3,54.324768,0.024738
2,3,56.265909,0.074215
2,3,58.321300,0.049477
2,3,60.202502,0.049477
2,3,62.242982,0.024738
2,4,1.424294,0.049477
2,4,3.683022,0.074215
2,4,5.532020,-0.024738
2,4,7.560975,-0.321598
2,4,9.279708,0.247383
2,4,11.343727,-0.024738
2,4,13.268877,-0.049477
2,4,15.419852,-0.049477
2,4,17.417607,0.000000
2,4,19.356985,-0.024738
2,4,21.415668,0.024738
2,4,23.471563,0.000000
2,4,25.519266,0.049477
2,4,27.164757,0.049477
2,4,29.225282,0.074215
2,4,31.206352,-0.024738
2,4,33.207207,0.024738
2,4,35.251371,0.024738
2,4,37.223355,0.000000
2,4,39.220024,0.049477
2,4,41.363818,0.024738
2,4,43.531729,0.049477
2,4,45.354938,0.024738
2,4,47.507643,0.074215
2,4,49.475989,0.049477
2,4,51.341484,0.049477
2,4,53.456886,0.123691
2,4,55.553670,0.123691
2,4,57.570213,0.074215
2,4,59.210861,0.024738
2,4,61.398631,0.173168
2,5,0.263292,0.074215
2,5,2.369305,0.074215
2,5,4.351794,0.074215
2,5,6.592707,0.123691
2,5,8.407750,0.049477
2,5,10.397661,0.024738
2,5,12.417824,0.024738
2,5,14.592129,0.123691
2,5,16.260796,0.123691
2,5,18.392337,0.024738
2,5,20.264128,0.074215
2,5,22.470680,0.074215
2,5,24.575089,0.123691
2,5,26.403322,0.024738
2,5,28.603942,0.148430
2,5,30.423501,0.123691
2,5,32.360253,0.074215
2,5,34.592192,0.049477
2,5,36.281087,0.123691
2,5,38.398981,0.123691
2,5,40.398117,0.148430
2,5,42.508510,0.123691
2,5,44.543841,0.123691
2,5,46.561474,0.049477
2,5,48.292457,0.049477
2,5,50.570999,0.074215
2,5,52.488773,0.049477
2,5,54.397404,0.049477
2,5,56.258913,0.049477
2,5,58.523413,0.049477
2,5,60.521972,0.049477
2,5,62.514266,0.074215
2,6,1.288987,0.123691
2,6,3.296401,0.123691
2,6,5.299460,0.074215
2,6,7.111993,-0.321598
2,6,9.365967,-0.321598
2,6,11.109048,-0.049477
2,6,13.296456,-0.049477
2,6,15.104014,0.024738
2,6,17.186847,0.049477
2,6,19.309174,0.024738
2,6,21.295412,0.049477
2,6,23.333202,0.000000
2,6,25.134757,0.049477
2,6,27.327509,0.074215
2,6,29.126614,0.049477
2,6,31.110510,0.024738
2,6,33.451377,0.024738
2,6,35.236172,0.049477
2,6,37.386284,0.074215
2,6,39.307853,0.024738
2,6,41.382785,0.024738
2,6,43.412435,0.024738
2,6,45.217013,0.000000
2,6,47.245000,0.074215
2,6,49.354120,0.024738
2,6,51.262271,0.024738
2,6,53.218104,-0.024738
2,6,55.109372,-0.024738
2,6,57.083792,0.049477
2,6,59.294000,0.000000
2,6,61.417554,0.074215
2,7,0.646357,0.049477
2,7,2.505397,0.049477
2,7,4.902796,0.000000
2,7,6.704193,0.123691
2,7,8.898740,0.000000
2,7,10.910886,0.024738
2,7,13.048347,0.024738
2,7,14.938309,0.074215
2,7,16.842806,0.173168
2,7,18.831012,0.049477
2,7,20.676932,0.074215
2,7,22.914114,0.148430
2,7,24.702050,0.049477
2,7,26.709351,0.074215
2,7,28.725477,0.123691
2,7,30.678614,0.049477
2,7,32.849797,0.000000
2,7,34.707279,0.123691
2,7,36.805304,0.074215
2,7,38.916816,0.148430
2,7,41.024709,0.049477
2,7,42.973662,0.074215
2,7,44.865742,0.049477
2,7,46.802789,0.049477
2,7,48.569164,0.074215
2,7,50.600897,0.074215
2,7,52.577904,0.148430
2,7,54.446160,0.049477
2,7,56.439532,0.123691
2,7,58.493311,0.123691
2,7,60.479899,0.074215
2,7,62.413205,0.074215
2,8,0.028201,0.074215
2,8,2.012972,0.074215
2,8,4.010065,0.000000
2,8,5.863707,-0.272121
2,8,8.023512,0.222645
2,8,9.919609,0.074215
2,8,12.065458,-0.074215
2,8,13.915862,0.024738
2,8,15.939597,0.000000
2,8,18.072891,0.000000
2,8,20.072659,0.000000
2,8,21.845119,0.074215
2,8,24.066314,0.074215
2,8,26.074201,0.000000
2,8,28.063541,0.074215
2,8,30.049928,0.049477
2,8,32.064483,0.074215
2,8,34.088099,0.049477
2,8,36.082248,0.049477
2,8,38.125375,0.074215
2,8,39.935846,0.074215
2,8,41.919459,0.000000
2,8,44.066407,0.123691
2,8,46.041175,0.074215
2,8,47.813679,0.074215
2,8,50.054689,0.049477
2,8,52.056036,0.049477
2,8,53.869826,0.049477
2,8,55.842681,0.049477
2,8,58.061355,0.049477
2,8,60.074645,0.024738
2,8,62.019577,0.074215
2,9,1.186599,0.049477
2,9,3.554333,0.123691
2,9,5.293245,0.123691
2,9,7.293134,-0.024738
2,9,9.287710,-0.321598
2,9,11.310009,0.173168
2,9,13.287298,-0.074215
2,9,15.305370,0.024738
2,9,17.188496,0.000000
2,9,19.167360,0.049477
2,9,21.144265,0.074215
2,9,23.294569,0.024738
2,9,25.330868,0.049477
2,9,27.099204,0.049477
2,9,29.265851,0.024738
2,9,31.267093,0.074215
2,9,33.239632,0.049477
2,9,35.256485,0.049477
2,9,37.174148,0.024738
2,9,39.143611,0.173168
2,9,41.215484,0.049477
2,9,43.263948,0.074215
2,9,45.306453,0.024738
2,9,47.284285,0.049477
2,9,49.238573,0.074215
2,9,51.249750,0.123691
2,9,53.277300,0.074215
2,9,55.301159,0.148430
2,9,57.290358,0.049477
2,9,59.290239,0.049477
2,9,61.290121,0.049477
2,10,0.035010,0.074215
2,10,2.286860,0.049477
2,10,4.276469,0.000000
2,10,6.416028,0.123691
2,10,8.564116,0.000000
2,10,10.494118,0.024738
2,10,12.544298,0.074215
2,10,14.480970,-0.024738
2,10,16.501087,0.074215
2,10,18.388047,0.074215
2,10,20.113897,0.123691
2,10,22.378984,0.049477
2,10,24.460598,0.074215
2,10,26.422003,0.049477
2,10,28.314069,0.049477
2,10,30.315436,0.148430
2,10,32.313003,0.123691
2,10,34.422809,0.049477
2,10,36.356685,0.074215
2,10,38.438587,0.049477
2,10,40.379296,0.049477
2,10,42.395204,0.049477
2,10,44.451641,0.074215
2,10,46.490592,0.173168
2,10,48.452204,0.074215
2,10,50.499270,0.049477
2,10,52.515217,0.123691
2,10,54.482873,0.123691
2,10,56.474852,0.024738
2,10,58.498869,0.074215
2,10,60.271535,0.049477
2,11,1.487439,0.123691
2,11,3.558795,0.074215
2,11,5.563861,0.123691
2,11,7.539208,-0.024738
2,11,9.241888,0.049477
2,11,11.520950,0.049477
2,11,13.485751,0.123691
2,11,15.476589,-0.024738
2,11,17.407040,0.000000
2,11,19.388666,0.024738
2,11,21.381647,0.148430
2,11,23.402805,0.074215
2,11,25.365237,0.049477
2,11,27.123899,0.024738
2,11,29.378733,0.024738
2,11,31.154413,0.123691
2,11,33.335983,0.024738
2,11,35.129197,0.000000
2,11,37.380757,0.049477
2,11,39.361628,0.049477
2,11,41.294046,0.049477
2,11,43.391103,0.148430
2,11,45.422292,0.049477
2,11,47.413758,0.123691
2,11,49.452848,0.123691
2,11,51.462951,0.148430
2,11,53.472968,0.148430
2,11,55.383955,0.123691
2,11,57.506555,0.049477
2,11,59.485911,0.123691
2,11,61.534631,0.049477
2,12,0.136209,0.123691
2,12,2.310736,0.123691
2,12,4.246088,0.024738
2,12,6.194144,-0.321598
2,12,8.256250,-0.321598
2,12,10.047333,0.000000
2,12,12.025499,-0.148430
2,12,14.040367,0.024738
2,12,16.031329,0.024738
2,12,18.285369,0.024738
2,12,20.034487,0.024738
2,12,22.279853,0.049477
2,12,24.076004,0.049477
2,12,26.184363,0.148430
2,12,28.181471,0.000000
2,12,30.065505,0.049477
2,12,32.278878,0.049477
2,12,34.266176,0.049477
2,12,36.301542,0.024738
2,12,38.249202,0.024738
2,12,40.172054,0.049477
2,12,42.266245,0.024738
2,12,44.079905,0.024738
2,12,46.112849,0.049477
2,12,48.006864,0.049477
2,12,50.162225,0.000000
2,12,52.251922,0.049477
2,12,54.129392,0.049477
2,12,56.240966,0.049477
2,12,58.217684,0.049477
2,12,60.242188,0.074215
2,12,62.030735,0.123691
2,13,1.137794,0.049477
2,13,3.182080,0.173168
2,13,4.980605,-0.024738
2,13,6.966007,0.148430
2,13,9.086291,-0.024738
2,13,11.226433,0.123691
2,13,13.186583,0.123691
2,13,15.167896,0.074215
2,13,17.171000,0.049477
2,13,19.105012,0.024738
2,13,21.075783,0.173168
2,13,23.171653,0.148430
2,13,25.162279,0.074215
2,13,27.174608,0.000000
2,13,29.136946,0.000000
2,13,31.148904,0.024738
2,13,33.133797,0.074215
2,13,35.146738,0.074215
2,13,37.131056,0.049477
2,13,38.825245,0.049477
2,13,41.079218,0.074215
2,13,43.086204,0.074215
2,13,45.092214,0.074215
2,13,47.090626,0.000000
2,13,49.167952,0.074215
2,13,51.159508,0.049477
2,13,53.179227,0.148430
2,13,55.306118,0.173168
2,13,57.151575,0.123691
2,13,59.177220,0.049477
2,13,61.165974,0.049477
2,14,0.066109,0.024738
2,14,2.090188,0.049477
2,14,4.123808,0.123691
2,14,6.068091,0.123691
2,14,7.930747,0.000000
2,14,10.044271,-0.024738
2,14,12.248563,-0.024738
2,14,13.940721,0.074215
2,14,15.897764,0.074215
2,14,18.077415,0.173168
2,14,20.116079,0.074215
2,14,21.768223,0.074215
2,14,24.075193,0.074215
2,14,25.823452,0.049477
2,14,28.021912,0.049477
2,14,30.142959,0.049477
2,14,31.815433,0.049477
2,14,33.929704,0.000000
2,14,36.081238,0.049477
2,14,37.946871,0.074215
2,14,39.971403,0.000000
2,14,41.974219,0.049477
2,14,43.963997,0.049477
2,14,45.970699,0.024738
2,14,48.036865,0.222645
2,14,50.070871,0.000000
2,14,52.033435,0.074215
2,14,53.964272,0.074215
2,14,55.825336,0.074215
2,14,57.853657,0.049477
2,14,60.059711,0.074215
2,14,62.121975,0.074215
2,15,1.239596,0.123691
2,15,3.021720,0.049477
2,15,5.254800,-0.024738
2,15,7.280834,-0.321598
2,15,9.024330,0.346336
2,15,11.228371,0.049477
2,15,13.109017,-0.049477
2,15,15.224706,0.024738
2,15,17.227169,0.000000
2,15,19.083413,0.049477
2,15,21.282386,0.049477
2,15,23.028780,0.074215
2,15,25.131225,0.123691
2,15,27.243273,-0.049477
2,15,29.247370,0.024738
2,15,31.233984,0.049477
2,15,33.220491,0.024738
2,15,35.326172,0.049477
2,15,37.239519,0.024738
2,15,39.230266,0.024738
2,15,41.223547,0.049477
2,15,43.244377,0.049477
2,15,45.248409,0.123691
2,15,47.267046,0.074215
2,15,49.184693,0.000000
2,15,51.214069,0.024738
2,15,53.205595,0.049477
2,15,55.209689,0.049477
2,15,57.236269,0.074215
2,15,58.947127,0.074215
2,15,61.059002,0.074215
2,16,0.172370,0.049477
2,16,2.301405,0.049477
2,16,4.077251,0.074215
2,16,6.034798,0.024738
2,16,8.290504,0.000000
2,16,10.280611,0.074215
2,16,12.075983,0.123691
2,16,14.283500,0.024738
2,16,16.304440,0.049477
2,16,18.321245,0.049477
2,16,20.144428,0.074215
2,16,22.316045,0.074215
2,16,24.153921,0.024738
2,16,26.468848,0.024738
2,16,28.240718,0.049477
2,16,30.311475,0.049477
2,16,32.055513,0.024738
2,16,34.316545,0.049477
2,16,36.287043,0.074215
2,16,38.119471,0.074215
2,16,40.248697,0.123691
2,16,42.001671,0.123691
2,16,44.287159,0.074215
2,16,45.999635,0.074215
2,16,48.073311,0.074215
2,16,50.053521,0.074215
2,16,51.961991,0.123691
2,16,54.020965,0.074215
2,16,56.312012,0.074215
2,16,58.228075,0.123691
2,16,60.307272,0.148430
2,16,62.310801,0.049477
2,17,1.354170,0.049477
2,17,2.873903,0.049477
2,17,5.111528,0.049477
2,17,6.924098,-0.321598
2,17,8.920594,0.272121
2,17,11.084497,0.049477
2,17,13.178423,0.000000
2,17,15.169208,0.049477
2,17,17.184604,0.074215
2,17,19.160081,0.000000
2,17,21.200419,0.049477
2,17,23.008175,0.049477
2,17,24.923783,0.024738
2,17,26.989467,0.049477
2,17,28.982895,0.049477
2,17,31.180752,0.024738
2,17,32.999383,0.024738
2,17,35.138968,0.049477
2,17,37.070662,0.074215
2,17,39.118123,0.074215
2,17,40.978991,0.049477
2,17,43.103762,0.049477
2,17,44.956541,0.123691
2,17,47.163951,0.049477
2,17,49.179200,0.123691
2,17,51.137666,0.074215
2,17,52.930247,0.049477
2,17,54.910859,0.123691
2,17,57.140091,0.074215
2,17,58.917499,0.049477
2,17,61.099900,0.074215
2,18,0.131575,0.074215
2,18,2.006875,0.049477
2,18,3.959357,0.123691
2,18,6.197744,-0.049477
2,18,8.032179,0.049477
2,18,10.136086,0.024738
2,18,12.232835,0.049477
2,18,14.002230,0.148430
2,18,16.158447,0.074215
2,18,17.944888,0.074215
2,18,20.108559,0.074215
2,18,21.980833,0.074215
2,18,24.145011,0.049477
2,18,25.971499,0.049477
2,18,28.257029,0.074215
2,18,30.226405,0.024738
2,18,31.951677,0.024738
2,18,34.228424,0.049477
2,18,35.967275,0.049477
2,18,38.146911,0.074215
2,18,39.970904,0.074215
2,18,41.999243,0.123691
2,18,44.190258,0.024738
2,18,46.218080,0.123691
2,18,48.118719,0.000000
2,18,50.187368,0.074215
2,18,52.229897,0.049477
2,18,54.190244,0.123691
2,18,56.148873,0.049477
2,18,58.182688,0.074215
2,18,60.188336,0.074215
2,18,62.167162,0.123691
2,19,1.050360,0.049477
2,19,2.700159,0.049477
2,19,4.995065,-0.024738
2,19,6.799293,-0.272121
2,19,8.794621,0.272121
2,19,10.717709,0.049477
2,19,12.971693,-0.123691
2,19,15.050563,-0.049477
2,19,16.985000,0.074215
2,19,19.037322,0.000000
2,19,21.046327,0.074215
2,19,23.036604,0.049477
2,19,25.055420,0.049477
2,19,27.051581,0.049477
2,19,29.035101,0.074215
2,19,31.007557,0.123691
2,19,33.036165,0.049477
2,19,35.086182,0.024738
2,19,37.022668,0.049477
2,19,39.024553,0.074215
2,19,41.045762,0.123691
2,19,43.005590,0.024738
2,19,45.107928,0.123691
2,19,47.004931,0.123691
2,19,48.952046,0.024738
2,19,50.965038,0.148430
2,19,53.084638,0.049477
2,19,54.998089,0.049477
2,19,57.033558,0.074215
2,19,58.992200,0.074215
2,19,60.899297,0.049477
5,0,0.098402,0.074215
5,0,2.071127,0.123691
5,0,4.097210,0.123691
5,0,6.076940,0.123691
5,0,8.117033,0.123691
5,0,10.100433,0.074215
5,0,12.102652,0.074215
5,0,14.107264,0.000000
5,0,15.895117,0.049477
5,0,18.100583,0.074215
5,0,20.147268,0.123691
5,0,21.807509,0.049477
5,0,23.763759,0.123691
5,0,25.905957,0.049477
5,0,27.874298,0.123691
5,0,30.131719,0.049477
5,0,32.152356,0.049477
5,0,34.139239,0.049477
5,0,35.976217,0.123691
5,0,38.182230,0.049477
5,0,40.112042,0.123691
5,0,42.216545,0.049477
5,0,43.958212,0.074215
5,0,46.092685,0.074215
5,0,47.886164,0.148430
5,0,49.923131,0.074215
5,0,51.874594,0.024738
5,0,53.875451,0.123691
5,0,55.859842,0.000000
5,0,58.064949,0.074215
5,0,59.845499,0.049477
5,0,62.058091,0.074215
5,0,63.968027,0.074215
5,0,66.094595,0.074215
5,1,0.468184,0.074215
5,1,2.364387,0.074215
5,1,4.389601,0.049477
5,1,6.436914,0.000000
5,1,8.627842,-0.024738
5,1,10.699484,-0.049477
5,1,12.571501,-0.049477
5,1,14.728134,0.123691
5,1,16.468360,-0.024738
5,1,18.705491,-0.049477
5,1,20.512039,0.049477
5,1,22.687848,0.123691
5,1,24.721209,0.024738
5,1,26.505673,-0.074215
5,1,28.689939,-0.074215
5,1,30.489170,0.049477
5,1,32.683767,0.049477
5,1,34.559860,-0.024738
5,1,36.507529,0.049477
5,1,38.493060,0.024738
5,1,40.571628,0.024738
5,1,42.708363,0.024738
5,1,44.576850,0.049477
5,1,46.688742,0.024738
5,1,48.535256,0.000000
5,1,50.401524,0.074215
5,1,52.652736,0.074215
5,1,54.443593,0.024738
5,1,56.496702,0.024738
5,1,58.469424,0.074215
5,1,60.687728,0.148430
5,1,62.510630,0.049477
5,1,64.682881,0.074215
5,1,66.472432,0.074215
5,2,1.352346,0.123691
5,2,3.495278,0.123691
5,2,5.709660,0.049477
5,2,7.144772,0.000000
5,2,9.436251,0.000000
5,2,11.308349,-0.049477
5,2,13.328408,0.222645
5,2,15.526577,0.222645
5,2,17.474711,-0.024738
5,2,19.306007,0.000000
5,2,21.558361,-0.024738
5,2,23.468628,0.049477
5,2,25.330382,0.148430
5,2,27.413068,0.024738
5,2,29.517338,-0.024738
5,2,31.497413,0.000000
5,2,33.558388,0.049477
5,2,35.499214,0.024738
5,2,37.277410,0.024738
5,2,39.282452,0.024738
5,2,41.320509,0.024738
5,2,43.273268,0.049477
5,2,45.546874,0.049477
5,2,47.562616,0.049477
5,2,49.519035,0.049477
5,2,51.290515,0.024738
5,2,53.304851,0.024738
5,2,55.290483,0.049477
5,2,57.357931,0.000000
5,2,59.317160,0.074215
5,2,61.292126,0.049477
5,2,63.491808,0.049477
5,2,65.296183,0.000000
5,3,1.998594,0.123691
5,3,4.036926,0.074215
5,3,5.968747,0.000000
5,3,8.149882,0.000000
5,3,10.118931,0.123691
5,3,12.130164,0.123691
5,3,14.158232,0.173168
5,3,15.960001,-0.024738
5,3,17.952368,-0.024738
5,3,20.032817,0.000000
5,3,22.124385,0.049477
5,3,23.943017,0.049477
5,3,26.153453,0.049477
5,3,27.947075,0.024738
5,3,30.216905,0.148430
5,3,32.012803,0.123691
5,3,33.968483,0.024738
5,3,36.166269,0.049477
5,3,38.146706,0.024738
5,3,40.203026,0.123691
5,3,42.027900,0.049477
5,3,44.163727,0.049477
5,3,45.960909,0.024738
5,3,48.112466,0.074215
5,3,50.157718,0.074215
5,3,52.333129,0.074215
5,3,54.111014,0.074215
5,3,56.119261,0.049477
5,3,58.096338,0.049477
5,3,59.927916,0.049477
5,3,62.104505,0.024738
5,3,63.992558,0.024738
5,3,66.117762,0.049477
5,4,0.143600,0.049477
5,4,2.424412,0.049477
5,4,4.151965,0.049477
5,4,6.177777,0.000000
5,4,8.042845,0.000000
5,4,10.056024,0.049477
5,4,12.219582,0.049477
5,4,14.625928,0.000000
5,4,16.178651,0.123691
5,4,18.195847,0.049477
5,4,20.140784,0.074215
5,4,22.405959,0.049477
5,4,24.373124,0.123691
5,4,26.110623,0.024738
5,4,28.127843,0.074215
5,4,30.191923,0.024738
5,4,32.323225,0.123691
5,4,34.163963,0.049477
5,4,36.084788,0.123691
5,4,38.294302,0.024738
5,4,40.152919,0.123691
5,4,42.137478,0.074215
5,4,44.094325,0.074215
5,4,46.441075,0.123691
5,4,48.240264,0.123691
5,4,50.433444,0.049477
5,4,52.311402,0.074215
5,4,54.226845,0.049477
5,4,56.335620,0.024738
5,4,58.152256,0.074215
5,4,60.335023,0.049477
5,4,62.142296,0.074215
5,4,64.134978,0.074215
5,4,66.347011,0.173168
5,5,0.331010,0.024738
5,5,2.325614,0.049477
5,5,4.446984,0.049477
5,5,6.531252,0.000000
5,5,8.489741,-0.024738
5,5,10.609787,0.000000
5,5,12.445631,0.000000
5,5,14.439524,0.123691
5,5,16.633474,0.000000
5,5,18.437165,0.049477
5,5,20.471505,0.123691
5,5,22.652076,0.024738
5,5,24.453886,0.049477
5,5,26.478798,0.074215
5,5,28.452461,0.024738
5,5,30.710575,0.074215
5,5,32.512052,0.074215
5,5,34.704598,0.049477
5,5,36.486406,0.049477
5,5,38.544128,0.024738
5,5,40.455953,0.024738
5,5,42.443942,0.148430
5,5,44.375844,0.123691
5,5,46.450550,0.024738
5,5,48.660233,0.049477
5,5,50.398988,0.049477
5,5,52.405553,0.074215
5,5,54.594316,0.074215
5,5,56.582324,0.074215
5,5,58.637713,0.123691
5,5,60.702039,0.074215
5,5,62.668220,0.074215
5,5,64.547481,0.024738
5,5,66.881440,0.049477
5,6,1.430500,0.024738
5,6,2.904922,0.148430
5,6,4.679695,0.148430
5,6,6.729334,-0.049477
5,6,8.815163,0.000000
5,6,10.808764,0.000000
5,6,12.965995,0.247383
5,6,14.860528,-0.049477
5,6,17.094356,-0.024738
5,6,19.237859,0.123691
5,6,20.827083,0.000000
5,6,22.825377,0.024738
5,6,24.989033,0.024738
5,6,27.139736,0.000000
5,6,29.099571,0.024738
5,6,30.929781,0.123691
5,6,33.135623,0.074215
5,6,34.811972,0.074215
5,6,37.021266,0.000000
5,6,38.982157,0.024738
5,6,40.792181,0.049477
5,6,42.795908,0.000000
5,6,44.824557,0.000000
5,6,47.134221,0.049477
5,6,48.956470,0.049477
5,6,50.858256,0.049477
5,6,52.928886,0.074215
5,6,54.966345,0.024738
5,6,57.002748,0.049477
5,6,58.987269,0.049477
5,6,61.169478,0.049477
5,6,63.209748,0.123691
5,6,64.915917,0.173168
5,6,67.114690,0.074215
5,7,1.433916,0.000000
5,7,3.411594,0.000000
5,7,5.878220,0.049477
5,7,7.284899,0.049477
5,7,9.538128,-0.024738
5,7,11.425003,-0.049477
5,7,13.607914,-0.049477
5,7,15.435486,0.049477
5,7,17.604587,0.074215
5,7,19.460082,0.024738
5,7,21.699021,0.024738
5,7,23.484753,0.049477
5,7,25.402234,0.049477
5,7,27.284382,0.148430
5,7,29.372200,0.024738
5,7,31.432144,0.074215
5,7,33.356014,0.000000
5,7,35.440708,0.000000
5,7,37.376816,-0.024738
5,7,39.467661,0.049477
5,7,41.404225,0.024738
5,7,43.412550,0.049477
5,7,45.364743,0.024738
5,7,47.421367,0.024738
5,7,49.461878,0.123691
5,7,51.373943,0.024738
5,7,53.440758,0.074215
5,7,55.574413,0.049477
5,7,57.405552,0.049477
5,7,59.451646,0.024738
5,7,61.571738,0.074215
5,7,63.840297,0.074215
5,7,65.209716,0.049477
5,8,1.936020,0.148430
5,8,3.959807,0.074215
5,8,5.951662,0.074215
5,8,7.926373,0.074215
5,8,10.061591,0.049477
5,8,11.840224,-0.272121
5,8,14.085966,0.173168
5,8,16.105413,0.049477
5,8,17.952555,0.000000
5,8,19.903220,0.074215
5,8,21.960005,0.024738
5,8,24.134613,0.024738
5,8,26.049171,0.000000
5,8,27.738818,0.074215
5,8,30.054703,0.074215
5,8,32.079254,0.024738
5,8,33.877987,0.024738
5,8,36.074122,0.074215
5,8,37.975224,0.000000
5,8,39.901834,0.000000
5,8,42.115422,0.123691
5,8,43.914784,0.123691
5,8,45.833356,0.049477
5,8,47.820608,0.049477
5,8,50.052216,0.123691
5,8,51.876158,0.148430
5,8,54.100284,0.049477
5,8,55.897282,0.074215
5,8,57.915865,0.024738
5,8,59.897050,0.148430
5,8,62.012085,0.049477
5,8,63.753881,0.074215
5,8,65.857129,0.049477
5,9,0.023138,0.123691
5,9,2.031527,0.000000
5,9,3.963312,0.173168
5,9,5.990199,0.074215
5,9,8.074031,0.074215
5,9,9.912044,-0.049477
5,9,11.896862,0.123691
5,9,13.878521,-0.272121
5,9,16.127490,0.247383
5,9,18.251692,-0.074215
5,9,20.000017,0.049477
5,9,21.998089,0.000000
5,9,24.148448,0.049477
5,9,26.322177,0.049477
5,9,28.035651,0.049477
5,9,30.008200,0.074215
5,9,31.867133,0.024738
5,9,33.939368,0.049477
5,9,35.923447,0.049477
5,9,38.110128,0.148430
5,9,40.096959,0.148430
5,9,42.069062,0.049477
5,9,44.056130,0.049477
5,9,46.038987,0.074215
5,9,47.925076,0.074215
5,9,49.859295,0.123691
5,9,52.097812,0.123691
5,9,54.131121,0.074215
5,9,56.100674,0.074215
5,9,58.278201,0.074215
5,9,60.120111,0.000000
5,9,62.125444,0.049477
5,9,64.122460,0.049477
5,9,66.082943,0.123691
5,10,0.327664,0.049477
5,10,2.484866,0.074215
5,10,4.401563,0.074215
5,10,6.547476,0.074215
5,10,8.545263,-0.049477
5,10,10.544912,-0.049477
5,10,12.535667,0.123691
5,10,14.552488,0.024738
5,10,16.566090,0.123691
5,10,18.536013,0.074215
5,10,20.561745,0.049477
5,10,22.708236,0.049477
5,10,24.535757,0.074215
5,10,26.739016,0.049477
5,10,28.580785,0.049477
5,10,30.378709,0.000000
5,10,32.704368,0.024738
5,10,34.500456,0.049477
5,10,36.556540,0.049477
5,10,38.562792,0.074215
5,10,40.497124,0.049477
5,10,42.597416,0.049477
5,10,44.449870,0.148430
5,10,46.472869,0.123691
5,10,48.395429,0.024738
5,10,50.542786,0.024738
5,10,52.497525,0.123691
5,10,54.528424,0.074215
5,10,56.549109,0.123691
5,10,58.710994,0.024738
5,10,60.508489,0.049477
5,10,62.358439,0.049477
5,10,64.285284,0.173168
5,10,66.266320,0.148430
5,11,1.293647,0.074215
5,11,2.634932,0.074215
5,11,4.722375,0.123691
5,11,6.607541,0.049477
5,11,8.821256,-0.049477
5,11,10.833788,0.123691
5,11,12.855766,0.074215
5,11,14.996719,0.148430
5,11,16.975188,0.123691
5,11,18.738842,0.024738
5,11,20.688882,0.173168
5,11,22.785920,0.074215
5,11,24.966828,0.074215
5,11,26.841543,0.049477
5,11,29.005647,0.123691
5,11,31.075193,0.024738
5,11,32.836548,0.049477
5,11,34.683707,0.123691
5,11,36.946679,0.024738
5,11,38.513331,0.024738
5,11,40.582678,0.074215
5,11,42.774572,0.049477
5,11,44.745331,0.024738
5,11,46.783799,0.024738
5,11,48.805604,0.074215
5,11,50.727121,0.024738
5,11,52.684634,0.024738
5,11,54.964482,0.123691
5,11,56.781469,0.148430
5,11,58.675008,0.074215
5,11,60.858912,0.074215
5,11,62.960776,0.074215
5,11,64.951582,0.123691
5,11,66.787558,0.024738
5,12,1.152077,0.074215
5,12,3.471655,0.049477
5,12,4.948712,0.024738
5,12,6.931619,0.049477
5,12,9.012307,0.049477
5,12,11.242201,0.024738
5,12,12.954411,0.173168
5,12,15.152153,0.148430
5,12,16.965140,0.024738
5,12,18.765451,0.049477
5,12,20.856668,0.074215
5,12,23.203474,0.247383
5,12,25.006611,0.123691
5,12,27.220785,0.000000
5,12,29.003707,0.000000
5,12,31.077775,0.000000
5,12,33.186868,0.173168
5,12,35.143873,-0.049477
5,12,36.823806,-0.049477
5,12,39.223984,0.024738
5,12,41.187576,0.049477
5,12,43.315386,0.049477
5,12,45.333856,0.024738
5,12,47.347056,0.123691
5,12,49.176565,0.123691
5,12,50.855174,0.049477
5,12,53.092175,0.074215
5,12,54.827211,0.074215
5,12,57.205516,0.074215
5,12,59.202567,0.123691
5,12,61.245986,0.049477
5,12,63.223233,0.024738
5,12,64.871142,0.000000
5,12,67.216843,0.074215
5,13,1.178649,0.074215
5,13,3.289235,0.074215
5,13,5.745905,0.123691
5,13,7.039747,0.000000
5,13,9.354708,-0.024738
5,13,11.192018,-0.321598
5,13,13.353873,0.247383
5,13,15.398896,0.074215
5,13,17.289504,-0.148430
5,13,19.096634,-0.049477
5,13,21.093420,0.074215
5,13,23.091787,0.049477
5,13,25.129295,0.000000
5,13,27.087436,0.049477
5,13,29.374147,0.123691
5,13,31.034444,0.000000
5,13,33.451233,0.024738
5,13,35.220902,0.024738
5,13,37.201535,0.074215
5,13,39.174420,0.049477
5,13,41.168318,0.000000
5,13,43.094078,0.074215
5,13,45.092540,0.074215
5,13,47.429390,0.024738
5,13,49.179871,0.024738
5,13,51.209384,0.000000
5,13,53.228377,0.049477
5,13,55.219412,0.024738
5,13,57.091861,0.123691
5,13,59.008291,0.074215
5,13,61.353777,0.049477
5,13,63.156021,0.024738
5,13,65.426099,0.049477
5,13,67.249888,0.123691
5,14,1.546583,0.123691
5,14,3.660264,0.074215
5,14,5.686568,0.074215
5,14,7.531767,0.000000
5,14,9.730939,0.000000
5,14,11.587245,0.000000
5,14,13.719640,0.000000
5,14,15.725705,0.000000
5,14,17.391253,0.074215
5,14,19.724491,0.000000
5,14,21.691815,0.024738
5,14,23.564255,0.074215
5,14,25.777589,0.123691
5,14,27.651045,0.074215
5,14,29.745266,0.074215
5,14,31.461343,0.049477
5,14,33.436931,0.123691
5,14,35.493903,0.024738
5,14,37.829878,0.024738
5,14,39.515539,0.000000
5,14,41.757797,0.148430
5,14,43.700863,0.123691
5,14,45.729497,0.049477
5,14,47.577480,0.148430
5,14,49.469569,0.074215
5,14,51.700584,0.074215
5,14,53.552571,0.074215
5,14,55.729882,0.024738
5,14,57.738403,0.074215
5,14,59.748932,0.049477
5,14,61.566921,0.049477
5,14,63.530390,0.123691
5,14,65.774750,0.024738
5,14,67.396652,0.049477
5,15,1.603176,0.123691
5,15,3.554092,0.148430
5,15,5.581240,-0.024738
5,15,7.695805,0.049477
5,15,9.609686,0.049477
5,15,11.585543,-0.321598
5,15,13.602612,0.148430
5,15,15.642394,0.049477
5,15,18.022484,-0.049477
5,15,19.840237,0.074215
5,15,21.980956,-0.024738
5,15,23.917953,0.000000
5,15,25.724719,0.074215
5,15,27.881412,0.024738
5,15,29.807236,0.024738
5,15,31.820644,0.024738
5,15,33.809126,0.024738
5,15,35.961433,0.000000
5,15,37.773352,0.024738
5,15,39.856271,0.024738
5,15,41.633354,0.024738
5,15,43.712795,0.049477
5,15,45.961693,0.123691
5,15,47.941786,0.074215
5,15,49.709914,0.074215
5,15,51.950253,0.074215
5,15,53.754238,0.049477
5,15,55.966041,0.123691
5,15,57.785461,0.074215
5,15,59.970757,0.074215
5,15,61.956444,0.173168
5,15,63.707911,0.074215
5,15,65.680718,-0.024738
5,16,2.088056,0.074215
5,16,4.097555,0.074215
5,16,6.079718,0.000000
5,16,8.222734,0.148430
5,16,10.133949,0.000000
5,16,12.032089,0.123691
5,16,14.070349,0.024738
5,16,16.142550,0.000000
5,16,18.041215,0.074215
5,16,20.120550,0.074215
5,16,22.143393,0.173168
5,16,24.224396,0.173168
5,16,26.153937,0.024738
5,16,28.213299,0.074215
5,16,30.140674,0.024738
5,16,32.206427,0.123691
5,16,34.075990,0.049477
5,16,36.208269,0.074215
5,16,38.212777,0.049477
5,16,40.212096,0.074215
5,16,42.382532,0.123691
5,16,44.118025,0.074215
5,16,46.149436,0.074215
5,16,48.066278,0.123691
5,16,50.030161,0.049477
5,16,52.043623,0.123691
5,16,54.202993,0.074215
5,16,56.179422,0.074215
5,16,58.193012,0.024738
5,16,60.220768,0.024738
5,16,62.275311,0.123691
5,16,64.242968,0.024738
5,16,66.228483,0.123691
5,17,0.439590,0.024738
5,17,2.502916,0.024738
5,17,4.560922,0.074215
5,17,6.578216,0.148430
5,17,8.729738,0.074215
5,17,10.600505,-0.024738
5,17,12.441695,0.148430
5,17,14.495285,0.148430
5,17,16.719641,0.049477
5,17,18.713210,-0.074215
5,17,20.547297,0.049477
5,17,22.705660,0.148430
5,17,24.539799,0.148430
5,17,26.527773,0.024738
5,17,28.489654,0.000000
5,17,30.460864,0.024738
5,17,32.585814,0.074215
5,17,34.529158,0.074215
5,17,36.702480,0.074215
5,17,38.506107,0.024738
5,17,40.667239,0.000000
5,17,42.470687,0.049477
5,17,44.673422,0.123691
5,17,46.451763,0.049477
5,17,48.732699,0.123691
5,17,50.444255,0.049477
5,17,52.616485,0.049477
5,17,54.513846,0.173168
5,17,56.782183,0.173168
5,17,58.531896,0.024738
5,17,60.595307,0.049477
5,17,62.755273,0.148430
5,17,64.504026,0.049477
5,17,66.688308,0.148430
5,18,0.891026,0.123691
5,18,2.750637,0.123691
5,18,4.823366,-0.024738
5,18,6.892178,-0.024738
5,18,8.904310,-0.049477
5,18,10.792686,-0.049477
5,18,13.094111,0.024738
5,18,15.139771,-0.024738
5,18,16.925675,0.024738
5,18,19.099435,0.000000
5,18,21.135338,0.049477
5,18,22.915475,0.123691
5,18,24.899028,0.123691
5,18,27.106527,-0.049477
5,18,28.803088,0.049477
5,18,31.096722,0.049477
5,18,32.879974,0.049477
5,18,35.140591,0.049477
5,18,36.852053,0.024738
5,18,38.915296,-0.024738
5,18,40.886935,-0.024738
5,18,42.844436,0.123691
5,18,44.825653,0.024738
5,18,46.798202,0.000000
5,18,48.821304,0.024738
5,18,50.883192,0.074215
5,18,53.079331,0.024738
5,18,54.900481,0.024738
5,18,56.873591,0.123691
5,18,59.004380,0.000000
5,18,61.088296,0.024738
5,18,63.086443,0.123691
5,18,64.827400,0.049477
5,18,66.874679,0.049477
5,19,1.057877,0.123691
5,19,3.072245,0.074215
5,19,4.890365,0.148430
5,19,6.962327,0.049477
5,19,9.167172,0.024738
5,19,10.995050,-0.024738
5,19,13.176690,0.123691
5,19,14.973816,0.173168
5,19,17.054443,0.049477
5,19,19.062366,0.000000
5,19,21.247491,0.173168
5,19,23.052308,0.222645
5,19,24.966884,0.024738
5,19,27.252002,0.000000
5,19,29.032583,0.074215
5,19,31.031163,0.074215
5,19,32.977875,0.000000
5,19,35.065114,0.000000
5,19,37.209314,0.148430
5,19,39.179190,0.049477
5,19,41.181427,0.000000
5,19,42.996941,0.074215
5,19,45.042595,0.049477
5,19,47.032458,0.049477
5,19,49.073724,0.123691
5,19,51.063816,0.024738
5,19,53.025814,0.049477
5,19,55.069129,0.123691
5,19,57.192102,0.123691
5,19,59.185988,0.148430
5,19,61.119509,0.123691
5,19,63.339440,0.000000
5,19,65.066676,0.123691
5,19,67.050511,0.074215
10,0,1.839497,0.148430
10,0,3.711215,0.148430
10,0,5.851079,0.173168
10,0,7.490326,-0.024738
10,0,9.727955,0.173168
10,0,11.861356,0.049477
10,0,13.799719,0.049477
10,0,15.971953,-0.247383
10,0,17.784590,-0.247383
10,0,19.816264,0.321598
10,0,21.993814,0.000000
10,0,23.782881,0.173168
10,0,25.984490,0.049477
10,0,27.671069,0.000000
10,0,30.009543,0.000000
10,0,31.773086,0.123691
10,0,33.807780,0.049477
10,0,35.799931,0.049477
10,0,37.767477,0.049477
10,0,39.832153,0.049477
10,0,41.984159,0.074215
10,0,43.854672,0.074215
10,0,45.566390,0.024738
10,0,47.600698,0.123691
10,0,49.731024,0.049477
10,0,51.910355,0.049477
10,0,53.685574,0.074215
10,0,55.693908,0.173168
10,0,57.792576,0.024738
10,0,59.673666,0.123691
10,0,61.735356,0.000000
10,0,63.879269,0.049477
10,0,65.752393,0.074215
10,0,67.723621,0.074215
10,0,69.710044,0.074215
10,0,71.703407,0.074215
10,1,1.232347,0.049477
10,1,3.197010,0.024738
10,1,4.938215,0.074215
10,1,7.042424,-0.049477
10,1,9.406295,0.148430
10,1,11.264262,0.024738
10,1,13.440496,-0.049477
10,1,15.253715,0.247383
10,1,17.505178,-0.024738
10,1,19.283357,0.000000
10,1,21.186808,0.000000
10,1,23.493935,0.222645
10,1,25.174739,0.222645
10,1,27.447530,-0.024738
10,1,29.311903,0.173168
10,1,31.319443,0.123691
10,1,33.445338,0.049477
10,1,35.048926,0.049477
10,1,37.154291,0.148430
10,1,39.187232,0.024738
10,1,41.510509,0.074215
10,1,43.184420,0.049477
10,1,45.266153,0.049477
10,1,47.202122,0.074215
10,1,49.310301,0.074215
10,1,51.478273,0.123691
10,1,53.277146,0.049477
10,1,55.444388,0.074215
10,1,57.303101,0.074215
10,1,59.363248,0.049477
10,1,61.177759,0.000000
10,1,63.320779,0.049477
10,1,65.338646,0.148430
10,1,67.185771,0.148430
10,1,69.403179,0.074215
10,1,71.360430,0.074215
10,2,1.152042,0.024738
10,2,2.709543,0.123691
10,2,4.845957,-0.024738
10,2,6.936153,-0.024738
10,2,9.022214,-0.024738
10,2,11.036627,0.000000
10,2,13.252105,0.222645
10,2,14.946690,-0.024738
10,2,16.935756,-0.049477
10,2,18.961116,0.074215
10,2,20.953688,0.074215
10,2,23.067182,0.024738
10,2,24.970583,0.074215
10,2,26.954865,0.074215
10,2,28.930903,0.123691
10,2,31.008599,0.123691
10,2,33.096081,0.024738
10,2,34.964656,0.049477
10,2,36.934105,0.074215
10,2,38.951863,0.024738
10,2,40.925558,0.000000
10,2,42.953852,0.024738
10,2,45.121148,0.024738
10,2,47.066824,0.024738
10,2,49.017519,0.024738
10,2,51.140833,0.049477
10,2,52.953996,0.000000
10,2,55.173461,0.148430
10,2,57.166490,0.000000
10,2,59.152846,0.074215
10,2,61.179337,0.148430
10,2,63.150132,0.123691
10,2,65.071900,0.024738
10,2,67.291818,0.074215
10,2,68.964570,0.074215
10,2,71.152927,0.074215
10,3,1.062049,0.074215
10,3,2.835321,0.123691
10,3,4.886080,-0.024738
10,3,7.014860,-0.049477
10,3,9.133831,0.123691
10,3,11.097501,-0.024738
10,3,12.931303,-0.024738
10,3,15.134960,0.173168
10,3,16.935947,0.000000
10,3,18.931600,0.024738
10,3,21.162903,0.049477
10,3,22.939312,0.173168
10,3,25.150253,0.123691
10,3,27.252736,-0.123691
10,3,29.166591,0.000000
10,3,30.874881,0.247383
10,3,33.148547,0.074215
10,3,35.072997,-0.049477
10,3,37.151892,0.049477
10,3,39.103448,0.148430
10,3,40.892632,0.074215
10,3,43.116836,0.000000
10,3,45.096080,0.049477
10,3,47.009644,0.049477
10,3,49.203468,0.049477
10,3,51.221994,0.049477
10,3,53.240386,0.123691
10,3,55.204303,0.123691
10,3,57.110351,0.123691
10,3,58.906914,0.049477
10,3,61.160039,0.024738
10,3,63.135182,0.148430
10,3,65.145103,0.148430
10,3,67.151720,0.148430
10,3,69.168895,0.148430
10,3,71.155680,0.123691
10,4,1.297252,0.074215
10,4,3.385108,0.074215
10,4,5.350641,0.074215
10,4,7.191441,0.000000
10,4,9.175702,0.000000
10,4,11.323862,-0.049477
10,4,13.350298,-0.049477
10,4,15.279835,0.049477
10,4,17.367450,-0.148430
10,4,19.225979,-0.123691
10,4,21.363160,0.148430
10,4,23.134112,0.222645
10,4,25.428084,-0.074215
10,4,27.273730,-0.049477
10,4,29.120196,0.074215
10,4,31.243981,0.148430
10,4,33.138250,0.024738
10,4,35.167366,0.000000
10,4,37.140470,0.049477
10,4,39.241223,0.123691
10,4,41.194299,0.049477
10,4,43.143097,0.049477
10,4,45.229384,0.049477
10,4,47.222222,0.049477
10,4,49.221185,0.074215
10,4,51.040268,0.074215
10,4,53.244566,0.074215
10,4,55.089324,0.049477
10,4,57.120170,0.049477
10,4,59.074952,0.049477
10,4,61.178536,0.049477
10,4,63.054834,0.049477
10,4,65.126365,0.123691
10,4,67.233285,0.024738
10,4,69.247724,0.024738
10,4,71.029263,0.074215
10,5,1.666388,0.049477
10,5,3.600305,0.074215
10,5,5.825233,0.074215
10,5,7.801158,0.049477
10,5,9.559202,0.049477
10,5,11.565962,-0.024738
10,5,13.810204,-0.024738
10,5,15.510536,-0.024738
10,5,17.705401,0.049477
10,5,19.639314,0.049477
10,5,21.583978,0.049477
10,5,23.635054,0.000000
10,5,25.514399,0.000000
10,5,27.840146,0.000000
10,5,29.747344,0.074215
10,5,31.673332,0.074215
10,5,33.706263,0.148430
10,5,35.686131,0.049477
10,5,37.785022,-0.024738
10,5,39.768059,0.000000
10,5,41.669184,0.049477
10,5,43.780491,0.123691
10,5,45.769679,0.049477
10,5,47.785846,0.024738
10,5,49.826438,0.000000
10,5,51.570900,0.024738
10,5,53.793485,0.148430
10,5,55.774598,0.049477
10,5,57.663157,0.049477
10,5,59.637663,0.049477
10,5,61.507217,0.049477
10,5,63.747600,0.148430
10,5,65.745429,0.049477
10,5,67.795131,0.000000
10,5,69.800952,0.049477
10,6,1.888744,0.074215
10,6,3.873594,0.123691
10,6,5.888840,0.049477
10,6,7.979929,0.074215
10,6,9.697153,-0.024738
10,6,11.555980,0.049477
10,6,13.936277,0.000000
10,6,15.851084,-0.321598
10,6,17.756301,0.247383
10,6,19.783676,0.123691
10,6,21.933630,-0.024738
10,6,23.952819,-0.074215
10,6,25.773521,0.000000
10,6,27.897379,0.123691
10,6,29.736398,0.148430
10,6,31.700617,-0.074215
10,6,33.804603,0.024738
10,6,35.776738,0.148430
10,6,37.910785,0.049477
10,6,39.774440,0.049477
10,6,41.909102,0.074215
10,6,43.922506,0.074215
10,6,45.898041,0.024738
10,6,47.915482,0.049477
10,6,49.900989,0.123691
10,6,51.858776,0.049477
10,6,53.899085,0.000000
10,6,55.893173,0.049477
10,6,57.944999,0.000000
10,6,59.659378,0.024738
10,6,61.935876,0.074215
10,6,63.909767,0.074215
10,6,65.676487,0.074215
10,6,67.910169,0.074215
10,6,69.818793,0.049477
10,7,2.063737,0.074215
10,7,4.079915,0.049477
10,7,6.073210,0.049477
10,7,8.054718,0.049477
10,7,10.147264,0.049477
10,7,12.127343,0.074215
10,7,14.117052,0.000000
10,7,16.103170,0.000000
10,7,18.258264,-0.272121
10,7,20.125109,0.074215
10,7,22.071595,-0.074215
10,7,24.130102,0.024738
10,7,26.321934,0.049477
10,7,28.098452,0.024738
10,7,29.945017,0.074215
10,7,32.031690,0.074215
10,7,34.219627,0.074215
10,7,36.250403,0.000000
10,7,38.169931,0.049477
10,7,40.191303,0.049477
10,7,42.257609,0.000000
10,7,44.210456,0.049477
10,7,46.143894,0.024738
10,7,48.134661,0.000000
10,7,50.026098,0.074215
10,7,52.020700,0.024738
10,7,54.119120,0.024738
10,7,56.106680,0.074215
10,7,58.151129,0.123691
10,7,60.167748,0.049477
10,7,62.205252,0.074215
10,7,64.209687,0.049477
10,7,66.207364,0.074215
10,7,68.114524,0.024738
10,7,70.062948,0.024738
10,8,0.128281,0.123691
10,8,2.253733,0.123691
10,8,4.175512,0.000000
10,8,6.154532,0.123691
10,8,8.292515,0.049477
10,8,10.161835,0.049477
10,8,12.522003,0.024738
10,8,14.218668,0.148430
10,8,16.051364,-0.024738
10,8,18.104816,0.000000
10,8,20.102351,0.074215
10,8,22.183548,0.123691
10,8,24.287829,0.049477
10,8,26.174091,0.074215
10,8,28.264227,0.074215
10,8,30.062902,0.049477
10,8,32.293126,0.074215
10,8,34.314465,0.024738
10,8,36.344257,0.024738
10,8,38.086381,0.024738
10,8,40.082162,0.049477
10,8,42.205218,-0.024738
10,8,44.075886,0.000000
10,8,46.095876,0.049477
10,8,48.282518,0.049477
10,8,50.077543,0.123691
10,8,52.278806,0.024738
10,8,54.047297,0.049477
10,8,56.271135,0.074215
10,8,58.224079,0.049477
10,8,60.278192,0.123691
10,8,62.251895,0.074215
10,8,64.137661,0.074215
10,8,66.135959,0.074215
10,8,68.213560,0.049477
10,8,70.202642,0.074215
10,9,0.183155,0.074215
10,9,2.351144,0.074215
10,9,4.228255,0.000000
10,9,6.323519,0.049477
10,9,8.346412,0.049477
10,9,10.520446,0.049477
10,9,12.459680,0.049477
10,9,14.419943,-0.024738
10,9,16.221028,-0.272121
10,9,18.434271,-0.272121
10,9,20.182382,0.173168
10,9,22.151094,0.000000
10,9,24.181649,-0.074215
10,9,26.138377,0.000000
10,9,28.133613,0.000000
10,9,30.162475,0.049477
10,9,32.165973,0.049477
10,9,34.225613,0.049477
10,9,36.140522,0.024738
10,9,38.121975,0.024738
10,9,40.166736,0.024738
10,9,42.142514,0.074215
10,9,44.149906,0.049477
10,9,46.158056,0.049477
10,9,48.139833,0.024738
10,9,50.291058,0.123691
10,9,52.091482,0.123691
10,9,54.051454,0.148430
10,9,56.038300,0.024738
10,9,58.047802,0.049477
10,9,60.305802,0.024738
10,9,62.121371,0.049477
10,9,64.265757,0.049477
10,9,66.276523,0.049477
10,9,68.321043,0.024738
10,9,70.275490,0.024738
10,10,0.234660,0.074215
10,10,2.383318,0.074215
10,10,4.438005,0.074215
10,10,6.386169,0.000000
10,10,8.437112,-0.049477
10,10,10.435979,0.074215
10,10,12.712174,0.000000
10,10,14.372472,-0.049477
10,10,16.301418,-0.371074
10,10,18.219424,-0.371074
10,10,20.190126,0.074215
10,10,22.415763,-0.074215
10,10,24.337282,0.000000
10,10,26.438605,0.024738
10,10,28.521119,0.049477
10,10,30.385856,0.024738
10,10,32.736856,0.024738
10,10,34.388956,0.024738
10,10,36.202244,0.049477
10,10,38.338352,0.024738
10,10,40.430464,0.049477
10,10,42.295756,0.074215
10,10,44.298447,-0.123691
10,10,46.404273,0.024738
10,10,48.379183,0.074215
10,10,50.411341,0.000000
10,10,52.296573,0.074215
10,10,54.536299,0.049477
10,10,56.543929,0.074215
10,10,58.509376,0.074215
10,10,60.458241,0.074215
10,10,62.525041,0.074215
10,10,64.450236,0.049477
10,10,66.365113,0.074215
10,10,68.367447,0.024738
10,10,70.274232,0.074215
10,11,0.349230,0.074215
10,11,2.471223,0.074215
10,11,4.563027,0.049477
10,11,6.595624,-0.024738
10,11,8.584271,0.024738
10,11,10.579765,0.123691
10,11,12.584955,0.123691
10,11,14.517268,0.049477
10,11,16.585547,0.074215
10,11,18.597788,0.000000
10,11,20.348580,0.049477
10,11,22.571582,0.123691
10,11,24.408840,0.074215
10,11,26.545197,0.049477
10,11,28.438017,0.074215
10,11,30.818351,0.148430
10,11,32.537373,0.000000
10,11,34.380402,0.049477
10,11,36.402744,0.000000
10,11,38.537148,0.049477
10,11,40.513425,0.123691
10,11,42.547815,0.049477
10,11,44.595141,0.049477
10,11,46.578422,0.049477
10,11,48.561235,0.074215
10,11,50.502406,0.074215
10,11,52.578865,0.049477
10,11,54.531792,0.123691
10,11,56.541042,0.123691
10,11,58.515410,0.049477
10,11,60.541060,0.123691
10,11,62.541209,0.049477
10,11,64.570200,0.049477
10,11,66.421227,0.049477
10,11,68.628297,0.074215
10,11,70.304869,0.123691
10,12,0.276654,0.074215
10,12,2.489606,0.049477
10,12,4.509908,0.074215
10,12,6.714438,0.000000
10,12,8.782312,-0.024738
10,12,10.591755,0.222645
10,12,12.701107,0.222645
10,12,14.492194,-0.074215
10,12,16.426060,0.148430
10,12,18.334041,0.024738
10,12,20.330393,0.049477
10,12,22.387499,0.074215
10,12,24.411986,0.074215
10,12,26.327028,0.074215
10,12,28.326529,0.123691
10,12,30.274902,0.074215
10,12,32.529669,0.024738
10,12,34.546175,0.024738
10,12,36.449456,0.000000
10,12,38.404998,0.049477
10,12,40.405338,0.024738
10,12,42.412193,0.123691
10,12,44.371000,0.074215
10,12,46.346865,-0.024738
10,12,48.619052,0.049477
10,12,50.364572,0.024738
10,12,52.545481,0.049477
10,12,54.412929,0.049477
10,12,56.443117,0.000000
10,12,58.300893,0.024738
10,12,60.536724,0.049477
10,12,62.335640,0.173168
10,12,64.541775,0.123691
10,12,66.539199,0.049477
10,12,68.573081,0.123691
10,12,70.585485,0.123691
10,13,0.633119,0.074215
10,13,2.557207,0.148430
10,13,4.674208,0.049477
10,13,6.726173,0.049477
10,13,8.922675,0.049477
10,13,10.913322,0.000000
10,13,12.956873,-0.049477
10,13,14.941451,0.148430
10,13,16.902102,0.000000
10,13,18.883029,0.000000
10,13,20.684952,0.123691
10,13,22.685586,0.123691
10,13,24.841025,-0.024738
10,13,27.252585,0.049477
10,13,28.883816,0.049477
10,13,30.629446,0.024738
10,13,32.421674,0.049477
10,13,34.463124,0.049477
10,13,36.481105,0.000000
10,13,38.935293,0.074215
10,13,40.910250,0.123691
10,13,42.682141,0.000000
10,13,44.730021,0.123691
10,13,46.962984,0.123691
10,13,48.948417,0.049477
10,13,50.763032,0.049477
10,13,52.985490,0.123691
10,13,54.787707,0.049477
10,13,56.693763,0.123691
10,13,58.899503,0.049477
10,13,60.958201,0.074215
10,13,62.965899,0.024738
10,13,64.983236,0.074215
10,13,66.898001,0.074215
10,13,68.896700,0.074215
10,13,70.895571,0.049477
10,14,1.215137,0.148430
10,14,2.982888,0.074215
10,14,4.890063,0.024738
10,14,7.028075,0.000000
10,14,9.122369,0.074215
10,14,11.291069,-0.024738
10,14,13.316673,-0.024738
10,14,15.286729,-0.049477
10,14,17.252029,0.074215
10,14,18.981040,-0.148430
10,14,21.241503,0.000000
10,14,23.089332,0.123691
10,14,25.193288,0.123691
10,14,27.078149,-0.049477
10,14,29.296818,-0.024738
10,14,31.101086,0.074215
10,14,33.246822,0.049477
10,14,35.074006,0.049477
10,14,37.061700,0.049477
10,14,38.936743,0.049477
10,14,41.259201,0.049477
10,14,43.104572,0.074215
10,14,45.265217,0.074215
10,14,47.241341,0.024738
10,14,49.022941,0.000000
10,14,51.247237,0.049477
10,14,53.252511,0.123691
10,14,55.245776,0.074215
10,14,57.237385,0.074215
10,14,59.203853,0.024738
10,14,61.022883,0.074215
10,14,63.217028,-0.024738
10,14,65.209450,0.123691
10,14,67.071268,0.173168
10,14,69.277753,0.148430
10,14,71.263007,0.148430
10,15,1.309264,0.000000
10,15,3.031439,0.000000
10,15,4.970665,-0.049477
10,15,7.038169,-0.049477
10,15,9.047121,-0.049477
10,15,11.261003,-0.049477
10,15,13.360470,-0.049477
10,15,15.364728,0.000000
10,15,17.086646,0.024738
10,15,19.331748,0.074215
10,15,21.304843,0.024738
10,15,23.246581,0.024738
10,15,25.109192,-0.024738
10,15,27.328269,0.074215
10,15,29.346039,0.000000
10,15,31.444628,0.049477
10,15,33.331071,0.049477
10,15,35.358741,0.049477
10,15,37.301873,0.049477
10,15,39.393853,0.049477
10,15,41.214584,0.074215
10,15,43.202287,0.049477
10,15,45.242110,0.024738
10,15,47.395556,0.000000
10,15,49.282969,0.000000
10,15,51.309148,0.024738
10,15,53.324804,0.123691
10,15,55.328084,0.123691
10,15,57.087379,0.074215
10,15,59.324505,0.049477
10,15,61.417738,0.049477
10,15,63.200512,0.049477
10,15,65.323804,0.123691
10,15,67.101307,0.148430
10,15,69.362573,0.074215
10,16,1.890064,0.123691
10,16,4.004434,0.074215
10,16,6.001815,0.049477
10,16,7.485607,0.074215
10,16,9.361911,0.074215
10,16,11.360103,0.000000
10,16,13.637637,0.074215
10,16,15.607982,-0.321598
10,16,17.447271,0.148430
10,16,19.689909,0.148430
10,16,21.681286,0.148430
10,16,23.475826,0.049477
10,16,25.709472,0.049477
10,16,27.725284,0.074215
10,16,29.654597,0.024738
10,16,31.462166,0.074215
10,16,33.447484,0.074215
10,16,35.630213,0.074215
10,16,37.634161,0.000000
10,16,39.454562,0.074215
10,16,41.445889,0.024738
10,16,43.391282,0.123691
10,16,45.399341,0.074215
10,16,47.437911,0.049477
10,16,49.731333,0.074215
10,16,51.616434,0.074215
10,16,53.573047,0.074215
10,16,55.562597,0.074215
10,16,57.712544,0.049477
10,16,59.479189,0.049477
10,16,61.470964,0.024738
10,16,63.634163,0.123691
10,16,65.677466,0.123691
10,16,67.407882,0.049477
10,16,69.475506,0.123691
10,17,1.754955,0.074215
10,17,3.776505,0.074215
10,17,6.073331,0.074215
10,17,8.138435,0.049477
10,17,9.592468,0.049477
10,17,11.539455,0.049477
10,17,13.653046,0.074215
10,17,15.628545,-0.247383
10,17,17.644474,0.148430
10,17,20.021881,0.148430
10,17,21.911379,0.049477
10,17,23.894265,0.024738
10,17,25.711371,0.049477
10,17,27.936861,0.000000
10,17,29.697459,0.049477
10,17,31.677604,0.123691
10,17,33.908575,0.049477
10,17,35.693002,0.123691
10,17,37.884613,0.123691
10,17,39.912114,0.074215
10,17,41.914293,0.148430
10,17,43.898584,0.148430
10,17,45.900941,0.123691
10,17,47.682230,0.049477
10,17,49.603507,0.049477
10,17,51.669761,0.049477
10,17,53.833600,0.049477
10,17,55.809667,0.024738
10,17,57.839614,0.024738
10,17,59.869677,0.024738
10,17,61.837887,0.049477
10,17,63.634810,0.049477
10,17,65.623003,0.024738
10,17,67.638059,0.024738
10,17,69.663299,0.024738
10,18,0.142716,0.123691
10,18,2.159037,0.123691
10,18,4.139914,0.024738
10,18,6.184025,0.123691
10,18,8.155937,0.123691
10,18,10.205526,0.049477
10,18,12.360365,0.074215
10,18,14.244502,0.000000
10,18,16.219395,0.074215
10,18,18.083619,0.123691
10,18,20.169615,0.123691
10,18,22.123847,0.000000
10,18,24.233456,0.074215
10,18,26.330239,0.049477
10,18,28.199738,0.049477
10,18,30.111003,0.049477
10,18,32.337122,0.049477
10,18,34.146520,0.049477
10,18,36.135640,0.123691
10,18,38.099222,0.000000
10,18,40.348459,0.024738
10,18,42.110633,0.049477
10,18,44.080757,0.074215
10,18,46.070926,0.049477
10,18,48.283439,0.049477
10,18,50.059697,0.049477
10,18,52.187908,0.024738
10,18,54.133657,0.074215
10,18,56.152190,0.049477
10,18,58.137308,0.123691
10,18,60.152060,0.123691
10,18,62.011541,0.074215
10,18,64.080277,0.148430
10,18,66.108418,0.123691
10,18,68.213436,0.123691
10,18,70.126094,0.074215
10,19,0.276481,0.123691
10,19,2.265193,0.074215
10,19,4.276533,0.074215
10,19,6.234760,0.000000
10,19,8.139722,-0.049477
10,19,10.232105,-0.049477
10,19,12.170719,0.049477
10,19,14.237106,-0.049477
10,19,16.096893,-0.346336
10,19,18.171463,0.371074
10,19,20.149449,-0.074215
10,19,22.293097,-0.123691
10,19,24.362911,-0.123691
10,19,26.394952,-0.024738
10,19,28.331946,0.000000
10,19,30.504549,0.024738
10,19,32.395673,0.049477
10,19,34.541094,0.049477
10,19,36.295135,0.024738
10,19,38.460422,0.000000
10,19,40.324352,0.123691
10,19,42.318992,0.049477
10,19,44.314847,0.000000
10,19,46.336437,0.000000
10,19,48.275874,0.049477
10,19,50.295049,0.049477
10,19,52.323703,0.049477
10,19,54.520298,0.049477
10,19,56.265791,0.049477
10,19,58.619212,0.049477
10,19,60.284295,0.074215
10,19,62.461314,0.024738
10,19,64.310718,0.074215
10,19,66.616931,0.074215
10,19,68.390895,0.049477
10,19,70.260225,0.123691
20,0,0.318663,0.024738
20,0,2.413639,0.024738
20,0,4.438488,0.148430
20,0,6.396659,-0.024738
20,0,8.417865,-0.074215
20,0,10.432242,-0.074215
20,0,12.573169,0.049477
20,0,14.779085,0.123691
20,0,16.185792,0.024738
20,0,18.276370,0.000000
20,0,20.231246,0.000000
20,0,22.492948,0.148430
20,0,24.600792,0.000000
20,0,26.589255,-0.024738
20,0,28.442241,0.148430
20,0,30.506072,0.000000
20,0,32.617202,-0.024738
20,0,34.414067,0.074215
20,0,36.465997,0.123691
20,0,38.590612,0.024738
20,0,40.604968,-0.024738
20,0,42.475590,0.148430
20,0,44.496339,0.049477
20,0,46.446769,0.024738
20,0,48.440213,0.024738
20,0,50.488078,0.123691
20,0,52.481788,0.024738
20,0,54.435265,0.123691
20,0,56.374758,0.123691
20,0,58.412620,0.024738
20,0,60.340978,0.049477
20,0,62.362454,0.024738
20,0,64.384605,0.074215
20,0,66.419118,0.024738
20,0,68.424723,0.123691
20,0,70.462345,0.049477
20,0,72.478380,0.074215
20,0,74.450832,0.049477
20,0,76.426526,0.074215
20,0,78.395246,0.074215
20,1,1.434609,0.074215
20,1,3.719855,0.074215
20,1,5.392297,0.123691
20,1,8.012243,0.123691
20,1,9.682719,0.074215
20,1,11.541730,0.000000
20,1,13.552453,0.000000
20,1,15.470570,-0.024738
20,1,17.651871,-0.024738
20,1,19.618370,0.173168
20,1,21.663867,-0.321598
20,1,23.769859,0.074215
20,1,25.581373,0.173168
20,1,27.783404,0.173168
20,1,29.770207,-0.074215
20,1,31.622519,-0.049477
20,1,33.778566,0.148430
20,1,35.637927,0.148430
20,1,37.591458,-0.049477
20,1,39.590468,0.000000
20,1,41.844025,0.074215
20,1,43.623572,0.074215
20,1,45.664319,-0.049477
20,1,47.570597,0.049477
20,1,49.592918,0.123691
20,1,51.582011,-0.049477
20,1,53.307001,-0.049477
20,1,55.470942,0.074215
20,1,57.511000,0.049477
20,1,59.538537,0.000000
20,1,61.508027,0.074215
20,1,63.756387,0.148430
20,1,65.556184,0.074215
20,1,67.528169,0.173168
20,1,69.407201,0.024738
20,1,71.348410,0.074215
20,1,73.425648,0.049477
20,1,75.303885,0.123691
20,1,77.320161,0.123691
20,1,79.315025,0.049477
20,2,1.497273,0.074215
20,2,2.783722,0.074215
20,2,4.625131,0.000000
20,2,6.481631,0.000000
20,2,8.771656,-0.024738
20,2,10.757213,-0.024738
20,2,12.783438,0.024738
20,2,14.623036,-0.024738
20,2,17.037379,-0.024738
20,2,19.379011,0.049477
20,2,20.809984,0.049477
20,2,23.085180,-0.049477
20,2,24.886748,-0.049477
20,2,26.900506,0.000000
20,2,28.792937,0.024738
20,2,30.745632,0.000000
20,2,32.842429,-0.049477
20,2,34.863438,0.000000
20,2,36.775633,0.000000
20,2,38.826380,0.148430
20,2,40.889470,0.000000
20,2,43.039063,0.000000
20,2,44.906129,0.024738
20,2,46.886592,0.049477
20,2,48.651966,0.049477
20,2,51.095200,0.000000
20,2,52.884551,0.049477
20,2,54.992887,0.000000
20,2,56.877072,0.024738
20,2,58.859049,0.024738
20,2,61.054882,0.049477
20,2,62.735347,0.024738
20,2,64.822371,0.074215
20,2,66.759006,0.074215
20,2,68.875790,0.123691
20,2,70.844416,0.123691
20,2,72.898662,0.049477
20,2,75.045949,0.024738
20,2,77.073690,0.024738
20,2,78.816968,0.074215
20,3,1.770799,0.024738
20,3,3.735446,0.049477
20,3,5.815247,0.074215
20,3,7.858881,0.074215
20,3,9.979019,0.074215
20,3,11.814827,0.000000
20,3,13.813744,-0.049477
20,3,15.928055,-0.049477
20,3,17.792231,-0.049477
20,3,19.745941,-0.049477
20,3,21.785120,-0.024738
20,3,23.860265,-0.049477
20,3,25.864509,0.000000
20,3,27.888462,0.024738
20,3,29.964866,0.024738
20,3,32.099636,0.024738
20,3,33.842311,-0.049477
20,3,35.846665,0.024738
20,3,37.732339,0.049477
20,3,39.902236,0.049477
20,3,41.929289,0.074215
20,3,43.892701,0.024738
20,3,45.841422,0.024738
20,3,47.907309,0.024738
20,3,49.956926,0.049477
20,3,51.916862,0.024738
20,3,53.838197,0.024738
20,3,55.897674,0.074215
20,3,57.927463,0.024738
20,3,59.909635,0.000000
20,3,61.825907,0.049477
20,3,63.831091,0.049477
20,3,65.820352,0.148430
20,3,67.838537,0.123691
20,3,69.768665,0.123691
20,3,71.893239,0.123691
20,3,73.766795,0.123691
20,3,75.917576,0.123691
20,3,77.875197,0.049477
20,3,79.758832,0.049477
20,4,1.319868,0.074215
20,4,3.101689,0.123691
20,4,5.149537,0.123691
20,4,7.077402,-0.024738
20,4,9.151771,-0.024738
20,4,11.071619,0.074215
20,4,12.994675,-0.123691
20,4,14.992630,0.074215
20,4,16.982911,0.173168
20,4,19.075606,0.173168
20,4,21.165549,-0.024738
20,4,23.106931,0.024738
20,4,25.114282,0.000000
20,4,27.029925,0.123691
20,4,29.214616,-0.074215
20,4,31.282125,0.024738
20,4,33.106204,0.024738
20,4,34.934495,-0.024738
20,4,37.149515,0.049477
20,4,39.404529,0.074215
20,4,41.183721,0.074215
20,4,43.321421,0.000000
20,4,45.152331,0.049477
20,4,47.315333,0.024738
20,4,49.111500,0.123691
20,4,51.297054,0.024738
20,4,52.871731,0.024738
20,4,55.001107,0.049477
20,4,57.287585,0.024738
20,4,59.309000,0.074215
20,4,61.113373,0.049477
20,4,63.115334,0.024738
20,4,65.154491,0.049477
20,4,67.100822,0.123691
20,4,69.240136,0.049477
20,4,71.364231,0.049477
20,4,73.144325,0.173168
20,4,75.117429,0.049477
20,4,77.015538,0.000000
20,4,79.159983,0.000000
20,5,0.289794,0.024738
20,5,2.398449,0.074215
20,5,4.331876,0.074215
20,5,6.314578,-0.024738
20,5,8.379481,-0.049477
20,5,10.344370,0.123691
20,5,12.271019,0.000000
20,5,14.244300,0.000000
20,5,16.343368,0.049477
20,5,18.168377,0.123691
20,5,20.372604,-0.024738
20,5,22.466512,0.000000
20,5,24.584875,-0.272121
20,5,26.344675,0.222645
20,5,28.430555,0.148430
20,5,30.374616,-0.049477
20,5,32.387930,-0.049477
20,5,34.424306,0.049477
20,5,36.212456,0.000000
20,5,38.563390,0.000000
20,5,40.410766,0.049477
20,5,42.412291,0.049477
20,5,44.383264,0.148430
20,5,46.623758,-0.024738
20,5,48.464444,-0.024738
20,5,50.651909,0.049477
20,5,52.422530,0.123691
20,5,54.298963,-0.024738
20,5,56.312297,0.024738
20,5,58.432160,0.049477
20,5,60.287998,0.049477
20,5,62.459956,0.074215
20,5,64.268881,0.049477
20,5,66.428906,0.024738
20,5,68.643734,0.123691
20,5,70.455204,0.000000
20,5,72.298166,0.000000
20,5,74.629298,0.074215
20,5,76.240592,0.024738
20,5,78.296508,0.024738
20,5,80.294840,0.049477
20,6,1.598228,0.049477
20,6,3.530711,0.123691
20,6,5.526623,0.049477
20,6,7.643021,0.049477
20,6,9.563826,0.000000
20,6,11.473885,0.000000
20,6,13.547992,-0.049477
20,6,15.490010,-0.049477
20,6,17.638667,-0.049477
20,6,19.624869,-0.049477
20,6,21.612043,-0.049477
20,6,23.584957,-0.074215
20,6,25.546344,0.000000
20,6,27.626535,0.000000
20,6,29.606881,0.074215
20,6,31.832156,-0.074215
20,6,33.609887,0.000000
20,6,35.935615,0.000000
20,6,37.918661,0.049477
20,6,39.789096,0.000000
20,6,41.704409,0.049477
20,6,43.667343,0.049477
20,6,45.949456,0.024738
20,6,47.926916,0.049477
20,6,49.802811,0.049477
20,6,51.655356,0.074215
20,6,53.610346,0.123691
20,6,55.935683,0.024738
20,6,57.826033,0.049477
20,6,59.876817,0.000000
20,6,61.681045,0.049477
20,6,63.875054,0.123691
20,6,66.030693,0.049477
20,6,68.044324,0.049477
20,6,69.955083,0.024738
20,6,71.733810,0.024738
20,6,73.992154,0.148430
20,6,75.982567,0.148430
20,6,78.011165,0.074215
20,6,79.525645,0.024738
20,6,81.892419,0.049477
20,7,0.880981,0.148430
20,7,2.833685,0.148430
20,7,4.858487,0.074215
20,7,6.884030,0.000000
20,7,8.818376,-0.074215
20,7,10.870182,-0.049477
20,7,12.913251,-0.049477
20,7,14.853715,0.148430
20,7,16.818528,0.024738
20,7,18.859129,0.024738
20,7,20.703449,-0.049477
20,7,22.830632,-0.024738
20,7,25.106698,-0.346336
20,7,27.105509,0.148430
20,7,29.099098,-0.049477
20,7,30.990522,0.024738
20,7,32.879629,-0.049477
20,7,34.821284,-0.049477
20,7,36.881009,-0.074215
20,7,38.900349,-0.049477
20,7,40.836716,0.049477
20,7,42.910687,0.024738
20,7,45.045643,-0.049477
20,7,46.973179,-0.049477
20,7,48.909467,0.000000
20,7,51.143455,0.024738
20,7,52.739013,-0.049477
20,7,54.792577,-0.049477
20,7,57.071602,0.000000
20,7,59.114724,0.024738
20,7,60.973307,0.024738
20,7,62.981709,0.074215
20,7,65.075953,0.000000
20,7,67.068511,0.049477
20,7,68.799059,0.074215
20,7,70.712822,0.049477
20,7,72.937603,0.000000
20,7,75.071879,0.049477
20,7,77.048358,0.049477
20,7,79.048594,0.074215
20,8,1.994576,0.024738
20,8,4.069934,0.074215
20,8,6.033730,-0.074215
20,8,8.024171,-0.074215
20,8,10.049266,0.074215
20,8,11.891488,0.074215
20,8,14.062952,-0.024738
20,8,15.974941,-0.024738
20,8,17.982238,-0.049477
20,8,19.922009,-0.049477
20,8,22.227559,-0.049477
20,8,24.040994,-0.074215
20,8,26.153684,0.024738
20,8,27.932272,0.049477
20,8,30.222715,-0.074215
20,8,32.098339,-0.123691
20,8,33.917174,-0.074215
20,8,35.904305,0.074215
20,8,37.834341,0.074215
20,8,40.247434,0.000000
20,8,42.024914,0.000000
20,8,44.083246,0.024738
20,8,45.902913,0.000000
20,8,47.983330,0.049477
20,8,49.831437,0.049477
20,8,51.968931,0.000000
20,8,53.809342,0.024738
20,8,55.890778,0.049477
20,8,58.021988,0.074215
20,8,59.868163,0.049477
20,8,61.864395,0.024738
20,8,63.714802,0.024738
20,8,65.751240,0.049477
20,8,67.796813,0.123691
20,8,69.792397,0.123691
20,8,71.829747,0.074215
20,8,73.786320,0.074215
20,8,75.963950,0.148430
20,8,77.798664,0.049477
20,8,79.778529,0.049477
20,9,1.185738,0.074215
20,9,3.193955,0.049477
20,9,5.179541,0.049477
20,9,7.111588,0.000000
20,9,9.238112,-0.049477
20,9,11.187025,0.148430
20,9,13.191263,-0.049477
20,9,15.191301,-0.049477
20,9,17.150409,-0.049477
20,9,19.211174,0.024738
20,9,21.230544,0.024738
20,9,23.132935,0.000000
20,9,25.419873,-0.272121
20,9,27.155696,0.222645
20,9,29.113863,-0.222645
20,9,31.125607,0.049477
20,9,33.438215,0.049477
20,9,35.222672,-0.074215
20,9,37.270353,-0.024738
20,9,39.177304,-0.024738
20,9,41.154203,0.123691
20,9,43.400612,0.024738
20,9,44.980769,0.000000
20,9,47.083191,0.000000
20,9,49.020864,0.000000
20,9,51.221283,0.000000
20,9,53.077798,0.074215
20,9,55.199190,0.074215
20,9,57.191519,0.074215
20,9,59.160359,0.049477
20,9,61.457708,0.123691
20,9,63.289914,0.074215
20,9,65.562490,0.123691
20,9,67.282528,0.024738
20,9,69.119700,0.024738
20,9,71.193094,0.049477
20,9,73.408862,0.049477
20,9,75.313136,0.049477
20,9,77.109861,0.049477
20,9,79.203938,0.024738
20,10,0.231590,0.000000
20,10,2.253473,0.000000
20,10,4.259372,0.148430
20,10,6.360422,0.148430
20,10,8.298911,-0.049477
20,10,10.172224,0.024738
20,10,12.266314,0.049477
20,10,14.135572,0.000000
20,10,16.118588,-0.024738
20,10,18.063467,-0.049477
20,10,20.347334,-0.049477
20,10,22.424837,-0.049477
20,10,24.368058,-0.049477
20,10,26.209546,-0.346336
20,10,28.406152,0.074215
20,10,30.383666,-0.074215
20,10,32.436054,0.000000
20,10,34.379441,0.049477
20,10,36.378972,-0.123691
20,10,38.402991,0.024738
20,10,40.374487,0.049477
20,10,42.323282,0.024738
20,10,44.262786,0.000000
20,10,46.315557,0.000000
20,10,48.394907,0.000000
20,10,50.381223,0.000000
20,10,52.443743,0.049477
20,10,54.552971,0.024738
20,10,56.407833,0.000000
20,10,58.378346,0.000000
20,10,60.256088,0.049477
20,10,62.253596,0.074215
20,10,64.399814,0.024738
20,10,66.394205,0.049477
20,10,68.660984,0.024738
20,10,70.380495,0.024738
20,10,72.385050,0.049477
20,10,74.361016,0.123691
20,10,76.348071,0.123691
20,10,78.310052,0.123691
20,10,80.271394,0.074215
20,11,1.560045,0.074215
20,11,3.440171,0.074215
20,11,5.559907,0.148430
20,11,7.687005,0.148430
20,11,9.401662,0.148430
20,11,11.467858,-0.024738
20,11,13.459839,-0.049477
20,11,15.459942,-0.049477
20,11,17.444859,-0.049477
20,11,19.498183,-0.049477
20,11,21.670712,-0.049477
20,11,23.480855,-0.074215
20,11,25.701498,0.173168
20,11,27.678845,0.000000
20,11,29.387909,-0.024738
20,11,31.693634,-0.024738
20,11,33.551945,0.000000
20,11,35.426746,0.049477
20,11,37.569598,0.000000
20,11,39.478661,0.024738
20,11,41.409780,0.000000
20,11,43.611420,0.000000
20,11,45.413017,0.049477
20,11,47.683441,0.074215
20,11,49.401069,0.000000
20,11,51.403461,0.074215
20,11,53.419615,0.049477
20,11,55.693714,0.049477
20,11,57.498087,0.148430
20,11,59.467875,0.074215
20,11,61.693923,0.024738
20,11,63.598844,0.024738
20,11,65.491437,0.123691
20,11,67.706053,0.222645
20,11,69.397238,0.049477
20,11,71.402764,0.049477
20,11,73.682409,0.074215
20,11,75.542685,0.000000
20,11,77.627504,0.049477
20,11,79.645531,0.074215
20,12,0.453482,0.074215
20,12,2.543107,0.049477
20,12,4.474432,0.148430
20,12,6.517999,0.148430
20,12,8.568963,0.049477
20,12,10.467708,0.123691
20,12,12.467676,0.024738
20,12,14.384787,0.173168
20,12,16.362728,-0.024738
20,12,18.339367,-0.049477
20,12,20.379928,-0.024738
20,12,22.684716,-0.024738
20,12,24.552959,0.000000
20,12,26.491876,0.049477
20,12,28.414633,-0.074215
20,12,30.466752,0.000000
20,12,32.395725,0.000000
20,12,34.465128,-0.148430
20,12,36.461660,-0.049477
20,12,38.458279,0.074215
20,12,40.532815,0.000000
20,12,42.533595,0.049477
20,12,44.456978,0.049477
20,12,46.547075,0.000000
20,12,48.539088,0.000000
20,12,50.485281,-0.024738
20,12,52.601824,0.000000
20,12,54.462585,0.000000
20,12,56.679117,0.000000
20,12,58.469492,0.049477
20,12,60.428849,0.024738
20,12,62.502125,0.074215
20,12,64.696207,0.074215
20,12,66.713467,0.049477
20,12,68.479910,0.123691
20,12,70.471744,0.123691
20,12,72.726612,0.049477
20,12,74.254232,0.074215
20,12,76.448274,0.074215
20,12,78.371390,0.024738
20,13,1.678927,0.049477
20,13,3.638574,0.049477
20,13,5.719112,0.049477
20,13,7.704179,-0.024738
20,13,9.854174,-0.024738
20,13,11.528675,-0.049477
20,13,13.631550,-0.049477
20,13,15.473169,-0.049477
20,13,17.568814,-0.049477
20,13,19.607874,0.074215
20,13,21.602003,0.074215
20,13,23.820148,0.024738
20,13,25.775370,0.024738
20,13,27.547865,0.000000
20,13,29.584130,-0.148430
20,13,31.608906,0.148430
20,13,33.462419,0.173168
20,13,35.604744,0.000000
20,13,37.820601,0.000000
20,13,39.612527,0.148430
20,13,41.844454,0.148430
20,13,43.662123,0.074215
20,13,45.685374,0.123691
20,13,47.808439,0.000000
20,13,49.766516,0.000000
20,13,51.787487,0.049477
20,13,53.487143,0.049477
20,13,55.653671,0.000000
20,13,57.880239,0.049477
20,13,59.946680,0.000000
20,13,61.895342,0.000000
20,13,63.897133,0.123691
20,13,65.880838,0.074215
20,13,67.855044,0.074215
20,13,69.866916,0.049477
20,13,71.633857,0.049477
20,13,73.721634,0.123691
20,13,75.613025,0.049477
20,13,77.620394,0.123691
20,13,79.824530,0.074215
20,14,0.707526,0.148430
20,14,2.570372,0.049477
20,14,4.599311,0.148430
20,14,6.845709,0.074215
20,14,8.822305,0.000000
20,14,10.819365,0.000000
20,14,12.741918,-0.024738
20,14,14.735342,0.024738
20,14,16.633956,0.024738
20,14,18.728704,-0.024738
20,14,20.876775,-0.049477
20,14,22.663391,-0.024738
20,14,24.654821,0.000000
20,14,26.730352,0.000000
20,14,28.707256,-0.049477
20,14,30.766337,-0.074215
20,14,32.851183,0.000000
20,14,34.928677,0.123691
20,14,36.762447,0.024738
20,14,39.020699,0.049477
20,14,40.767022,0.123691
20,14,43.009652,0.074215
20,14,44.734557,0.049477
20,14,46.876815,-0.049477
20,14,49.008432,0.000000
20,14,51.000449,0.123691
20,14,52.852541,0.074215
20,14,54.771428,0.123691
20,14,56.838043,0.000000
20,14,58.780159,0.049477
20,14,60.821732,0.049477
20,14,62.825233,-0.049477
20,14,64.876414,0.074215
20,14,66.877858,0.049477
20,14,68.747053,0.024738
20,14,70.865320,0.049477
20,14,72.768036,0.148430
20,14,74.875592,0.024738
20,14,76.887013,0.074215
20,14,78.876243,0.074215
20,15,1.685711,0.049477
20,15,3.671359,0.049477
20,15,5.645541,0.049477
20,15,7.671264,0.000000
20,15,9.477788,0.000000
20,15,11.478633,-0.024738
20,15,13.608089,-0.024738
20,15,15.614493,0.148430
20,15,17.721195,-0.148430
20,15,19.642659,0.049477
20,15,21.627849,-0.024738
20,15,23.641049,0.148430
20,15,25.659349,0.148430
20,15,27.817879,-0.074215
20,15,29.842186,0.000000
20,15,31.739666,0.173168
20,15,33.733231,0.173168
20,15,35.735822,-0.049477
20,15,37.736934,-0.049477
20,15,39.657518,0.000000
20,15,41.846676,0.049477
20,15,43.653600,0.024738
20,15,45.620596,0.024738
20,15,47.872288,0.074215
20,15,50.028605,0.000000
20,15,51.732547,0.000000
20,15,53.403286,0.074215
20,15,55.792940,0.000000
20,15,57.784797,0.074215
20,15,59.804768,0.074215
20,15,61.639353,0.074215
20,15,63.823100,0.049477
20,15,65.854587,0.123691
20,15,67.857999,0.123691
20,15,69.840293,0.123691
20,15,71.629582,0.123691
20,15,73.831214,0.074215
20,15,75.841569,0.074215
20,15,77.660535,0.074215
20,15,79.832394,0.123691
20,16,1.024897,0.049477
20,16,2.643851,0.148430
20,16,4.818359,0.148430
20,16,6.794945,0.000000
20,16,8.910316,0.074215
20,16,10.894310,0.074215
20,16,12.936878,-0.049477
20,16,14.943373,-0.049477
20,16,16.934828,0.000000
20,16,18.714899,0.173168
20,16,20.471266,-0.049477
20,16,22.999927,-0.024738
20,16,24.755268,0.000000
20,16,27.007801,-0.346336
20,16,28.894747,0.247383
20,16,30.927649,-0.148430
20,16,32.879274,0.049477
20,16,34.853164,0.000000
20,16,36.946224,-0.049477
20,16,38.890484,-0.049477
20,16,40.929621,0.024738
20,16,42.865465,0.049477
20,16,44.829155,0.024738
20,16,46.856818,0.024738
20,16,48.932919,0.024738
20,16,51.005233,0.074215
20,16,52.785842,0.024738
20,16,54.990814,0.074215
20,16,56.922079,0.000000
20,16,58.999487,0.049477
20,16,60.820866,0.074215
20,16,62.976683,0.074215
20,16,64.935070,0.024738
20,16,67.008304,0.123691
20,16,68.967695,0.123691
20,16,70.966615,0.049477
20,16,72.849040,0.049477
20,16,74.969307,0.049477
20,16,76.925554,0.049477
20,16,78.820005,0.074215
20,17,0.197078,0.074215
20,17,2.186002,0.024738
20,17,4.173046,0.024738
20,17,6.182806,0.123691
20,17,8.166557,-0.049477
20,17,10.091396,0.148430
20,17,12.075829,0.148430
20,17,13.836592,-0.024738
20,17,15.910671,-0.024738
20,17,18.104247,-0.049477
20,17,20.165280,-0.049477
20,17,22.174641,-0.074215
20,17,23.951109,-0.321598
20,17,26.104585,0.173168
20,17,28.400118,0.173168
20,17,30.243233,-0.074215
20,17,32.189465,0.049477
20,17,34.179580,0.049477
20,17,36.191335,0.024738
20,17,38.172205,0.074215
20,17,40.187887,0.049477
20,17,42.189575,0.000000
20,17,43.961483,0.000000
20,17,46.210164,0.049477
20,17,48.175369,0.024738
20,17,50.174314,0.024738
20,17,52.169823,0.024738
20,17,54.187120,0.024738
20,17,56.204306,0.000000
20,17,58.178400,0.049477
20,17,60.103165,-0.024738
20,17,62.170966,0.024738
20,17,64.190376,0.024738
20,17,66.187644,0.074215
20,17,68.181241,0.074215
20,17,70.180311,0.000000
20,17,72.182993,0.074215
20,17,74.079248,0.074215
20,17,76.181869,0.074215
20,17,77.934049,0.074215
20,17,80.161796,0.123691
20,18,1.582547,0.049477
20,18,3.526076,0.123691
20,18,5.559163,0.049477
20,18,7.445680,0.148430
20,18,9.398717,0.000000
20,18,11.429837,-0.049477
20,18,13.656591,-0.049477
20,18,15.656014,0.000000
20,18,17.646303,-0.049477
20,18,19.548471,0.024738
20,18,21.465069,-0.049477
20,18,23.564183,0.049477
20,18,25.646499,-0.074215
20,18,27.551658,0.074215
20,18,29.577756,0.123691
20,18,31.434834,0.000000
20,18,33.722982,0.049477
20,18,35.587355,0.049477
20,18,37.600711,0.074215
20,18,39.634010,0.024738
20,18,41.500760,0.074215
20,18,43.619491,0.049477
20,18,45.392316,0.074215
20,18,47.444939,0.123691
20,18,49.675404,0.049477
20,18,51.592969,0.049477
20,18,53.584474,0.024738
20,18,55.517723,0.123691
20,18,57.658139,0.148430
20,18,59.651775,0.148430
20,18,61.659731,0.074215
20,18,63.658747,0.049477
20,18,65.657563,0.074215
20,18,67.506451,0.148430
20,18,69.553560,0.049477
20,18,71.589608,0.123691
20,18,73.600367,0.074215
20,18,75.543964,0.074215
20,18,77.679611,0.049477
20,18,79.515893,0.049477
20,19,0.406446,0.024738
20,19,2.502484,0.049477
20,19,4.544336,-0.024738
20,19,6.751078,-0.024738
20,19,8.741504,-0.024738
20,19,10.829603,-0.024738
20,19,12.856058,-0.024738
20,19,14.747824,-0.049477
20,19,16.764169,-0.049477
20,19,18.827731,0.000000
20,19,20.888732,-0.049477
20,19,22.514883,-0.024738
20,19,24.815092,-0.049477
20,19,26.577529,-0.049477
20,19,28.623145,0.074215
20,19,30.656956,0.123691
20,19,32.764357,0.024738
20,19,34.869776,-0.123691
20,19,36.754046,0.024738
20,19,38.782364,0.148430
20,19,40.748862,0.024738
20,19,42.756442,-0.074215
20,19,44.777624,-0.024738
20,19,46.796652,0.049477
20,19,48.767278,-0.049477
20,19,50.728756,0.024738
20,19,52.748488,0.049477
20,19,54.843833,0.049477
20,19,56.816074,0.000000
20,19,58.830168,0.049477
20,19,60.776979,0.074215
20,19,62.843228,0.049477
20,19,64.846518,0.000000
20,19,66.820265,0.049477
20,19,68.646109,0.024738
20,19,70.562132,0.049477
20,19,72.825211,0.074215
20,19,74.618447,0.074215
20,19,76.755785,0.049477
20,19,78.804941,0.123691
20,19,80.827793,0.074215
40,0,0.034641,0.123691
40,0,2.073939,0.024738
40,0,4.052630,0.024738
40,0,6.091338,-0.024738
40,0,8.127697,-0.024738
40,0,9.915221,0.049477
40,0,12.247842,0.024738
40,0,13.782294,-0.024738
40,0,15.857722,-0.024738
40,0,18.056763,-0.024738
40,0,20.044515,-0.049477
40,0,22.030585,-0.024738
40,0,24.127804,0.123691
40,0,26.072823,-0.049477
40,0,28.027436,-0.049477
40,0,29.780308,0.024738
40,0,31.715661,-0.024738
40,0,33.792022,-0.049477
40,0,35.863629,0.049477
40,0,37.971398,0.000000
40,0,40.052067,0.049477
40,0,41.836631,-0.222645
40,0,44.107963,-0.222645
40,0,45.939577,0.222645
40,0,47.961444,0.000000
40,0,49.980248,0.000000
40,0,51.928809,0.222645
40,0,54.062823,0.148430
40,0,55.771239,0.000000
40,0,57.983066,0.000000
40,0,60.031057,0.173168
40,0,62.036480,0.000000
40,0,64.018146,0.000000
40,0,65.970882,0.024738
40,0,68.088526,0.123691
40,0,69.825550,0.024738
40,0,71.799731,0.024738
40,0,73.957608,0.049477
40,0,76.097487,0.024738
40,0,78.086353,0.024738
40,0,79.901599,0.074215
40,0,82.135727,0.074215
40,0,83.898982,0.049477
40,0,85.827840,0.074215
40,0,88.027207,0.173168
40,0,89.974074,0.074215
40,0,91.888269,0.074215
40,0,93.874934,0.074215
40,0,96.060590,0.049477
40,0,98.095845,0.123691
40,0,99.872457,0.049477
40,1,1.345498,0.049477
40,1,3.311174,0.123691
40,1,5.067872,0.000000
40,1,7.000456,-0.024738
40,1,9.176332,-0.024738
40,1,11.351200,-0.024738
40,1,13.394900,0.000000
40,1,15.327832,-0.049477
40,1,17.284906,0.024738
40,1,19.377451,-0.123691
40,1,21.254938,-0.123691
40,1,23.095549,0.000000
40,1,25.092904,-0.024738
40,1,27.028678,-0.024738
40,1,29.148068,0.148430
40,1,31.268651,0.024738
40,1,33.276917,-0.148430
40,1,35.250156,0.123691
40,1,37.271039,0.049477
40,1,39.269164,-0.074215
40,1,41.406286,-0.074215
40,1,43.272524,-0.024738
40,1,45.349059,-0.049477
40,1,47.181533,0.049477
40,1,49.360266,-0.024738
40,1,51.415613,0.074215
40,1,53.156339,-0.049477
40,1,55.165775,0.000000
40,1,57.281315,0.000000
40,1,59.367001,0.024738
40,1,61.167446,0.000000
40,1,63.287976,0.024738
40,1,65.277738,0.024738
40,1,67.026794,0.148430
40,1,69.073459,0.074215
40,1,71.209057,0.123691
40,1,73.155556,0.049477
40,1,75.326402,0.049477
40,1,77.391297,0.024738
40,1,79.392577,0.049477
40,1,81.408756,0.123691
40,1,83.262330,0.123691
40,1,85.259065,0.123691
40,1,87.274321,0.074215
40,1,89.261314,0.024738
40,1,91.275947,0.049477
40,1,93.317273,-0.049477
40,1,95.389712,-0.049477
40,1,97.444609,0.074215
40,1,99.409267,0.074215
40,2,0.191320,0.049477
40,2,2.367847,0.074215
40,2,4.453762,0.074215
40,2,6.447418,-0.024738
40,2,8.121427,0.000000
40,2,10.546002,0.000000
40,2,12.545243,0.074215
40,2,14.104839,0.074215
40,2,16.063875,0.000000
40,2,18.150972,-0.049477
40,2,20.354578,-0.049477
40,2,22.333656,-0.049477
40,2,24.380256,-0.049477
40,2,26.342750,-0.049477
40,2,28.376304,-0.074215
40,2,30.493144,0.000000
40,2,32.509658,0.000000
40,2,34.041079,-0.049477
40,2,36.173683,-0.074215
40,2,38.341364,0.000000
40,2,40.414300,-0.049477
40,2,42.242546,0.024738
40,2,44.413024,-0.173168
40,2,46.178598,0.024738
40,2,48.399216,-0.074215
40,2,50.292183,0.148430
40,2,52.303827,0.024738
40,2,54.410300,0.000000
40,2,56.325337,0.049477
40,2,58.214294,0.049477
40,2,60.257395,0.049477
40,2,62.205744,0.049477
40,2,64.037957,0.049477
40,2,66.173119,0.000000
40,2,68.175581,0.049477
40,2,70.379424,0.148430
40,2,72.173586,0.148430
40,2,74.402382,0.049477
40,2,76.200869,0.049477
40,2,78.136203,0.000000
40,2,80.161309,0.049477
40,2,82.145967,0.000000
40,2,84.310623,0.049477
40,2,86.308153,0.074215
40,2,88.411338,0.049477
40,2,90.306360,0.074215
40,2,92.307927,0.074215
40,2,94.337078,0.123691
40,2,96.318869,0.123691
40,2,98.289649,0.074215
40,2,100.327320,0.074215
40,3,1.116826,0.123691
40,3,2.879974,0.123691
40,3,4.815268,0.000000
40,3,6.901562,0.000000
40,3,8.999497,-0.024738
40,3,11.086320,-0.024738
40,3,13.064119,-0.024738
40,3,15.123493,-0.049477
40,3,16.996305,-0.074215
40,3,19.178288,-0.074215
40,3,20.972113,-0.123691
40,3,22.892145,0.049477
40,3,24.819313,-0.049477
40,3,26.990404,-0.049477
40,3,29.046472,-0.049477
40,3,31.130880,-0.049477
40,3,33.172392,-0.148430
40,3,34.875650,0.049477
40,3,37.115119,0.148430
40,3,38.976495,0.000000
40,3,40.863272,-0.049477
40,3,43.131900,-0.024738
40,3,45.182804,-0.321598
40,3,47.173895,0.272121
40,3,49.147790,-0.049477
40,3,50.952533,-0.049477
40,3,53.145935,0.074215
40,3,54.956042,-0.049477
40,3,56.938322,0.024738
40,3,59.147073,-0.024738
40,3,61.130165,0.000000
40,3,62.956564,0.000000
40,3,65.270953,0.000000
40,3,67.121838,-0.049477
40,3,69.218433,0.000000
40,3,71.120014,0.024738
40,3,73.112436,0.024738
40,3,75.131508,0.074215
40,3,77.132293,0.074215
40,3,79.181852,0.049477
40,3,81.146489,0.074215
40,3,83.172320,0.074215
40,3,85.178679,0.024738
40,3,87.115958,0.049477
40,3,89.222175,0.123691
40,3,91.178475,0.024738
40,3,93.120737,0.049477
40,3,95.211416,-0.024738
40,3,97.162777,0.074215
40,3,99.289403,0.123691
40,4,0.217352,0.000000
40,4,2.214575,0.123691
40,4,4.399596,0.148430
40,4,6.381901,-0.024738
40,4,8.352610,0.074215
40,4,10.360411,0.049477
40,4,12.386994,0.049477
40,4,14.492190,0.074215
40,4,16.058628,0.000000
40,4,18.204461,0.148430
40,4,20.285947,0.000000
40,4,22.390625,0.000000
40,4,24.383322,0.148430
40,4,26.271277,-0.049477
40,4,28.244132,0.049477
40,4,30.370088,0.049477
40,4,32.318890,0.074215
40,4,34.063277,0.074215
40,4,36.026436,0.000000
40,4,38.147620,0.000000
40,4,40.281092,0.000000
40,4,42.405610,0.000000
40,4,44.243157,-0.049477
40,4,46.353060,0.173168
40,4,48.233638,-0.049477
40,4,50.307079,-0.074215
40,4,52.395582,-0.049477
40,4,54.377810,-0.049477
40,4,56.442487,0.024738
40,4,58.348144,0.000000
40,4,60.131327,0.049477
40,4,62.341939,0.000000
40,4,64.174075,0.000000
40,4,66.176306,0.049477
40,4,68.447201,0.074215
40,4,70.533928,0.024738
40,4,72.424528,0.074215
40,4,74.428965,0.074215
40,4,76.284308,0.049477
40,4,78.360201,0.123691
40,4,80.214436,0.123691
40,4,82.200270,0.024738
40,4,84.332048,0.049477
40,4,86.398763,0.148430
40,4,88.428044,0.123691
40,4,90.455804,0.024738
40,4,92.409983,0.074215
40,4,94.337097,0.049477
40,4,96.406418,-0.024738
40,4,98.185521,0.074215
40,4,100.116220,0.049477
40,5,1.668091,0.000000
40,5,3.629638,0.000000
40,5,5.354739,0.074215
40,5,7.850846,0.049477
40,5,9.232896,-0.024738
40,5,11.264376,0.148430
40,5,13.370668,0.024738
40,5,15.392659,0.148430
40,5,17.349585,0.123691
40,5,19.599073,-0.074215
40,5,21.595753,-0.049477
40,5,23.595348,-0.049477
40,5,25.348151,0.024738
40,5,27.283074,0.024738
40,5,29.296540,0.000000
40,5,31.527901,0.000000
40,5,33.569081,0.074215
40,5,35.382631,-0.049477
40,5,37.563309,0.148430
40,5,39.575958,0.148430
40,5,41.308763,0.123691
40,5,43.545129,0.024738
40,5,45.545055,-0.321598
40,5,47.401514,0.247383
40,5,49.327664,-0.074215
40,5,51.327477,0.049477
40,5,53.488494,0.049477
40,5,55.497498,0.024738
40,5,57.482926,0.000000
40,5,59.530128,0.024738
40,5,61.346331,0.074215
40,5,63.506446,0.000000
40,5,65.313167,0.000000
40,5,67.496736,0.049477
40,5,69.305721,0.049477
40,5,71.639272,0.074215
40,5,73.401249,0.074215
40,5,75.625834,0.024738
40,5,77.596609,0.148430
40,5,79.621326,0.148430
40,5,81.559539,0.049477
40,5,83.429515,0.123691
40,5,85.407657,-0.074215
40,5,87.582011,0.049477
40,5,89.528317,0.049477
40,5,91.547756,0.074215
40,5,93.540680,0.074215
40,5,95.557357,0.074215
40,5,97.511124,0.074215
40,5,99.542818,0.049477
40,6,0.367158,0.123691
40,6,2.547095,0.024738
40,6,4.439208,0.024738
40,6,6.681021,0.000000
40,6,8.840025,0.000000
40,6,10.466667,0.222645
40,6,12.537937,0.049477
40,6,14.260386,0.024738
40,6,16.220288,0.000000
40,6,18.272543,-0.049477
40,6,20.253946,-0.049477
40,6,22.547173,0.000000
40,6,24.409654,0.000000
40,6,26.625475,-0.024738
40,6,28.593891,-0.074215
40,6,30.611912,-0.074215
40,6,32.496365,-0.049477
40,6,34.262616,0.123691
40,6,36.216684,-0.049477
40,6,38.234890,-0.024738
40,6,40.345283,-0.049477
40,6,42.575407,-0.049477
40,6,44.437750,-0.371074
40,6,46.629557,0.049477
40,6,48.606778,0.049477
40,6,50.606221,-0.074215
40,6,52.295577,0.049477
40,6,54.324460,-0.148430
40,6,56.315886,0.000000
40,6,58.291526,0.000000
40,6,60.271147,0.000000
40,6,62.325535,-0.024738
40,6,64.581624,0.074215
40,6,66.636341,0.074215
40,6,68.403452,0.074215
40,6,70.394866,0.024738
40,6,72.557550,0.000000
40,6,74.533230,0.024738
40,6,76.533041,0.123691
40,6,78.336975,0.148430
40,6,80.572818,0.049477
40,6,82.204716,0.000000
40,6,84.413203,0.074215
40,6,86.610361,0.049477
40,6,88.331175,0.024738
40,6,90.411826,0.024738
40,6,92.547046,0.024738
40,6,94.290919,0.024738
40,6,96.539580,0.123691
40,6,98.536650,0.024738
40,6,100.333037,0.049477
40,7,1.507985,0.049477
40,7,3.682019,0.024738
40,7,5.497349,0.049477
40,7,7.341882,-0.024738
40,7,9.391058,0.000000
40,7,11.393739,0.173168
40,7,13.600785,-0.024738
40,7,15.728019,0.024738
40,7,17.725868,0.148430
40,7,19.524354,-0.173168
40,7,21.523447,-0.173168
40,7,23.668313,0.123691
40,7,25.269344,0.148430
40,7,27.384399,0.024738
40,7,29.330601,-0.049477
40,7,31.458942,0.000000
40,7,33.418466,0.321598
40,7,35.534095,-0.049477
40,7,37.489692,0.074215
40,7,39.497322,0.074215
40,7,41.676293,0.123691
40,7,43.600340,0.074215
40,7,45.709092,0.049477
40,7,47.687378,0.049477
40,7,49.599524,0.024738
40,7,51.451668,0.000000
40,7,53.647315,0.123691
40,7,55.468906,0.000000
40,7,57.636155,0.000000
40,7,59.484122,0.173168
40,7,61.645856,0.000000
40,7,63.489262,0.024738
40,7,65.627380,0.173168
40,7,67.512043,0.000000
40,7,69.713151,0.049477
40,7,71.688616,0.074215
40,7,73.463477,0.049477
40,7,75.461593,-0.024738
40,7,77.664878,0.074215
40,7,79.574885,0.123691
40,7,81.425493,0.049477
40,7,83.374334,0.123691
40,7,85.540944,0.024738
40,7,87.444925,0.074215
40,7,89.417155,-0.024738
40,7,91.446828,0.049477
40,7,93.632164,0.074215
40,7,95.733360,0.024738
40,7,97.638358,0.000000
40,7,99.433755,0.074215
40,8,0.283279,0.049477
40,8,2.318207,0.049477
40,8,4.274461,0.000000
40,8,6.291860,0.148430
40,8,8.303545,0.024738
40,8,10.343889,0.074215
40,8,12.438522,0.074215
40,8,14.177671,0.074215
40,8,16.269403,0.000000
40,8,18.248974,0.000000
40,8,20.297468,-0.024738
40,8,22.312127,-0.024738
40,8,24.296920,-0.049477
40,8,26.301847,-0.074215
40,8,28.327382,-0.074215
40,8,30.502928,-0.074215
40,8,32.504527,-0.049477
40,8,34.148422,0.074215
40,8,36.247467,-0.024738
40,8,38.268839,-0.024738
40,8,40.373244,-0.024738
40,8,42.528317,0.000000
40,8,44.513353,-0.024738
40,8,46.697637,-0.049477
40,8,48.297566,-0.024738
40,8,50.483680,0.074215
40,8,52.289349,-0.074215
40,8,54.448704,-0.049477
40,8,56.303598,0.074215
40,8,58.505648,0.000000
40,8,60.309492,0.024738
40,8,62.492255,0.024738
40,8,64.344353,0.074215
40,8,66.277975,0.049477
40,8,68.306741,0.049477
40,8,70.306894,0.000000
40,8,72.272689,0.049477
40,8,74.315243,0.000000
40,8,76.281661,0.148430
40,8,78.305213,0.049477
40,8,80.321389,0.049477
40,8,82.309923,0.049477
40,8,84.569773,0.148430
40,8,86.405447,0.123691
40,8,88.335784,0.024738
40,8,90.290944,0.024738
40,8,92.386500,0.024738
40,8,94.557368,0.049477
40,8,96.665015,0.049477
40,8,98.445200,0.024738
40,8,100.267268,0.123691
40,9,1.473175,0.000000
40,9,3.827980,0.024738
40,9,5.684526,0.024738
40,9,7.401132,0.148430
40,9,9.395809,0.000000
40,9,11.239085,0.049477
40,9,13.387628,-0.024738
40,9,15.401300,-0.024738
40,9,17.436119,-0.024738
40,9,19.453619,-0.049477
40,9,21.436840,0.049477
40,9,23.662345,0.049477
40,9,25.522586,0.074215
40,9,27.317539,-0.024738
40,9,29.397594,-0.024738
40,9,31.431963,-0.074215
40,9,33.474388,-0.024738
40,9,35.497239,0.049477
40,9,37.478125,0.049477
40,9,39.412400,-0.148430
40,9,41.372942,-0.074215
40,9,43.398688,0.000000
40,9,45.392170,-0.049477
40,9,47.417033,-0.272121
40,9,49.492865,-0.049477
40,9,51.648490,-0.049477
40,9,53.710636,-0.049477
40,9,55.660037,0.049477
40,9,57.339524,0.024738
40,9,59.654998,-0.024738
40,9,61.474659,-0.049477
40,9,63.708371,0.074215
40,9,65.867034,0.074215
40,9,67.480018,0.074215
40,9,69.448037,0.074215
40,9,71.413753,0.049477
40,9,73.657166,0.000000
40,9,75.654914,0.024738
40,9,77.471528,0.049477
40,9,79.598992,0.024738
40,9,81.471184,0.024738
40,9,83.418455,0.049477
40,9,85.474002,0.123691
40,9,87.454813,0.049477
40,9,89.489071,0.148430
40,9,91.507998,0.074215
40,9,93.600381,0.148430
40,9,95.599880,0.074215
40,9,97.553685,0.024738
40,9,99.340903,0.074215
40,9,101.411590,0.024738
40,10,0.472473,0.074215
40,10,2.518022,0.074215
40,10,4.408926,0.000000
40,10,6.588338,0.000000
40,10,8.586586,0.000000
40,10,10.525430,-0.024738
40,10,12.593102,0.024738
40,10,14.571173,0.024738
40,10,16.623124,-0.123691
40,10,19.076903,-0.049477
40,10,20.467068,-0.049477
40,10,22.462450,-0.024738
40,10,24.441990,-0.049477
40,10,26.516605,-0.049477
40,10,28.481655,-0.049477
40,10,30.419731,0.074215
40,10,32.994566,0.074215
40,10,34.957156,-0.123691
40,10,37.056689,0.049477
40,10,38.553071,0.074215
40,10,40.441926,-0.074215
40,10,42.531242,-0.074215
40,10,44.667547,-0.272121
40,10,46.671869,0.272121
40,10,48.515821,0.074215
40,10,50.688494,-0.123691
40,10,52.832208,-0.024738
40,10,54.676931,0.024738
40,10,56.631325,-0.049477
40,10,58.851931,-0.024738
40,10,60.684700,0.000000
40,10,62.561060,0.049477
40,10,64.700701,0.024738
40,10,66.603010,0.000000
40,10,68.537326,0.074215
40,10,70.556001,0.024738
40,10,72.751327,0.148430
40,10,74.573741,0.074215
40,10,76.753399,0.074215
40,10,78.494099,0.049477
40,10,80.582459,0.049477
40,10,82.924623,0.123691
40,10,84.604453,0.049477
40,10,87.013047,0.024738
40,10,88.591989,0.074215
40,10,90.714030,0.024738
40,10,92.684916,0.049477
40,10,94.586200,0.024738
40,10,96.540725,0.049477
40,10,98.574792,0.000000
40,11,2.405978,0.123691
40,11,3.767954,0.123691
40,11,5.767571,0.049477
40,11,7.797980,0.049477
40,11,10.143104,0.049477
40,11,11.770933,0.000000
40,11,13.771741,0.123691
40,11,15.743144,0.000000
40,11,17.818370,0.123691
40,11,19.821668,0.049477
40,11,21.824170,0.148430
40,11,23.783756,-0.173168
40,11,25.982832,0.024738
40,11,28.094498,0.148430
40,11,29.785278,0.024738
40,11,31.813565,0.024738
40,11,33.784677,-0.024738
40,11,35.691562,0.148430
40,11,37.852578,0.049477
40,11,39.878231,-0.074215
40,11,41.846148,-0.074215
40,11,43.861194,0.000000
40,11,46.046090,0.148430
40,11,47.916674,0.000000
40,11,49.987093,0.049477
40,11,51.938013,0.049477
40,11,53.763527,-0.074215
40,11,55.993249,-0.074215
40,11,57.891471,0.049477
40,11,59.847356,0.000000
40,11,61.882126,-0.049477
40,11,64.052030,0.074215
40,11,66.095727,0.049477
40,11,67.927554,0.049477
40,11,70.126909,0.049477
40,11,71.962240,0.074215
40,11,74.033820,0.074215
40,11,75.729406,0.148430
40,11,77.784823,0.123691
40,11,80.004592,0.074215
40,11,81.803825,0.074215
40,11,84.003909,0.123691
40,11,85.788783,0.024738
40,11,87.790229,0.049477
40,11,89.762310,0.049477
40,11,91.790319,0.074215
40,11,93.782862,0.074215
40,11,95.996144,0.000000
40,11,97.791623,0.049477
40,11,99.763700,0.000000
40,12,1.356385,0.074215
40,12,2.620941,0.000000
40,12,4.771439,0.173168
40,12,6.713555,0.173168
40,12,8.722106,0.000000
40,12,10.752524,-0.049477
40,12,12.812117,0.024738
40,12,14.762634,0.123691
40,12,16.725430,-0.024738
40,12,18.741725,0.148430
40,12,21.171416,0.000000
40,12,22.721504,-0.024738
40,12,24.716348,0.000000
40,12,26.715429,-0.049477
40,12,28.770519,-0.049477
40,12,30.790777,0.049477
40,12,32.814922,-0.049477
40,12,34.798332,-0.049477
40,12,36.966181,0.024738
40,12,39.237346,-0.024738
40,12,40.733609,0.074215
40,12,42.810073,-0.049477
40,12,44.947134,-0.321598
40,12,46.783339,0.222645
40,12,49.014635,-0.024738
40,12,50.976133,-0.074215
40,12,52.799389,0.049477
40,12,54.697969,0.000000
40,12,56.869767,0.074215
40,12,59.006799,0.024738
40,12,60.840196,0.024738
40,12,63.039857,0.000000
40,12,64.785002,0.024738
40,12,66.809766,0.049477
40,12,68.954765,-0.049477
40,12,70.953473,0.049477
40,12,72.778528,0.049477
40,12,74.784956,0.049477
40,12,76.759601,0.074215
40,12,78.970341,0.049477
40,12,80.755609,0.049477
40,12,82.963338,0.049477
40,12,84.740553,0.024738
40,12,86.698524,0.049477
40,12,88.799667,0.123691
40,12,90.848112,0.024738
40,12,92.863399,0.123691
40,12,94.865507,0.123691
40,12,96.916944,0.123691
40,12,98.940474,0.074215
40,13,1.874804,0.074215
40,13,3.731937,0.024738
40,13,5.792628,0.024738
40,13,7.989787,0.024738
40,13,9.855363,0.049477
40,13,11.791070,0.000000
40,13,13.835589,0.000000
40,13,15.868936,-0.049477
40,13,17.647004,-0.049477
40,13,19.840309,-0.024738
40,13,21.925730,-0.074215
40,13,23.937813,0.000000
40,13,25.972159,0.000000
40,13,28.063888,-0.247383
40,13,30.423447,0.000000
40,13,31.845143,0.074215
40,13,33.847045,-0.024738
40,13,35.668738,-0.024738
40,13,37.737797,-0.049477
40,13,40.087997,0.000000
40,13,41.825958,0.049477
40,13,43.737385,-0.148430
40,13,45.810069,0.024738
40,13,47.804121,0.148430
40,13,49.901029,0.000000
40,13,51.926554,0.049477
40,13,53.906320,0.024738
40,13,56.095288,0.049477
40,13,57.916295,0.000000
40,13,60.093006,-0.024738
40,13,62.076966,0.024738
40,13,64.072882,-0.024738
40,13,65.879271,0.000000
40,13,67.899674,0.024738
40,13,69.892177,0.024738
40,13,71.912920,0.024738
40,13,74.120571,0.049477
40,13,75.859382,0.074215
40,13,77.923316,0.049477
40,13,80.104993,0.123691
40,13,81.866625,0.074215
40,13,84.074718,0.148430
40,13,85.846260,0.074215
40,13,87.863083,0.049477
40,13,90.362431,0.049477
40,13,91.694143,0.049477
40,13,94.045497,0.049477
40,13,96.009326,0.049477
40,13,97.928340,0.024738
40,13,99.979751,0.049477
40,14,0.428151,0.074215
40,14,2.678870,0.024738
40,14,4.663444,0.000000
40,14,6.648939,-0.024738
40,14,8.691940,-0.024738
40,14,10.692543,0.074215
40,14,12.757934,0.074215
40,14,14.675278,0.000000
40,14,16.785401,0.049477
40,14,18.576435,0.049477
40,14,20.616931,0.123691
40,14,22.526449,0.000000
40,14,24.735646,-0.024738
40,14,26.681828,0.049477
40,14,28.526722,0.123691
40,14,30.820177,0.123691
40,14,33.134879,0.074215
40,14,34.694569,0.024738
40,14,36.560758,0.000000
40,14,38.636851,0.123691
40,14,40.699192,-0.173168
40,14,42.940264,-0.173168
40,14,44.946729,-0.049477
40,14,46.946240,0.222645
40,14,48.744848,0.049477
40,14,50.897658,-0.074215
40,14,52.805993,0.000000
40,14,54.690896,0.000000
40,14,56.979989,0.024738
40,14,59.160951,0.049477
40,14,60.918966,0.024738
40,14,62.835886,-0.074215
40,14,64.620728,0.123691
40,14,66.972059,0.024738
40,14,68.886050,0.000000
40,14,70.922099,0.074215
40,14,72.538899,0.024738
40,14,74.746211,0.049477
40,14,76.847965,0.000000
40,14,78.930162,0.000000
40,14,80.938921,0.049477
40,14,82.714984,0.049477
40,14,84.861215,0.049477
40,14,86.972122,0.024738
40,14,88.925802,0.049477
40,14,90.679603,0.024738
40,14,92.927127,0.049477
40,14,94.965633,0.074215
40,14,96.992150,0.148430
40,14,98.946425,0.049477
40,14,100.731654,0.123691
40,15,1.111485,0.074215
40,15,2.817051,0.074215
40,15,4.938622,0.123691
40,15,6.939088,0.074215
40,15,8.954969,0.074215
40,15,10.888255,0.148430
40,15,13.039403,0.148430
40,15,15.065204,-0.049477
40,15,17.102300,-0.049477
40,15,19.191085,0.049477
40,15,21.512745,0.000000
40,15,22.835177,0.346336
40,15,24.985049,0.000000
40,15,27.080351,0.000000
40,15,28.872971,-0.024738
40,15,31.013296,0.000000
40,15,32.989353,0.148430
40,15,34.970981,-0.074215
40,15,36.957994,-0.049477
40,15,38.937925,-0.049477
40,15,41.333131,-0.024738
40,15,43.033949,-0.024738
40,15,45.269272,-0.024738
40,15,46.963973,-0.321598
40,15,49.061313,0.173168
40,15,51.232557,-0.074215
40,15,53.267749,-0.049477
40,15,55.103402,-0.024738
40,15,56.993550,-0.049477
40,15,59.052976,0.000000
40,15,61.245334,0.049477
40,15,63.080384,0.049477
40,15,65.055902,0.074215
40,15,67.200067,0.049477
40,15,69.019099,0.024738
40,15,71.067425,0.049477
40,15,73.206506,0.123691
40,15,75.094335,0.074215
40,15,77.286816,0.049477
40,15,79.050558,0.024738
40,15,80.905014,0.074215
40,15,82.924659,0.173168
40,15,85.228413,0.000000
40,15,87.225513,0.024738
40,15,89.006141,0.024738
40,15,91.228982,0.123691
40,15,92.996158,0.123691
40,15,95.209648,0.049477
40,15,97.006408,0.049477
40,15,98.854866,0.049477
40,16,1.944274,0.000000
40,16,3.945665,0.074215
40,16,6.055494,0.074215
40,16,8.180886,0.049477
40,16,10.156537,0.049477
40,16,12.330246,0.148430
40,16,13.957446,0.000000
40,16,15.991393,-0.049477
40,16,18.056708,-0.049477
40,16,19.975607,-0.049477
40,16,22.058131,-0.049477
40,16,24.080638,-0.049477
40,16,25.973161,0.024738
40,16,28.072316,0.024738
40,16,30.008089,-0.173168
40,16,32.195633,0.074215
40,16,33.964214,-0.074215
40,16,36.070360,-0.049477
40,16,38.066087,0.148430
40,16,40.027436,0.148430
40,16,41.992076,-0.123691
40,16,44.316005,-0.024738
40,16,46.363914,-0.024738
40,16,47.928628,-0.074215
40,16,50.212254,-0.049477
40,16,51.904529,0.024738
40,16,54.242172,0.049477
40,16,55.995128,0.000000
40,16,57.874144,0.049477
40,16,59.893023,0.049477
40,16,61.820762,0.000000
40,16,63.959880,-0.024738
40,16,66.272427,0.024738
40,16,67.916669,0.049477
40,16,70.288696,0.049477
40,16,72.118090,0.123691
40,16,73.980120,0.049477
40,16,76.194929,0.049477
40,16,78.228202,0.049477
40,16,80.037121,0.123691
40,16,81.876805,0.074215
40,16,84.274846,0.123691
40,16,86.097823,0.049477
40,16,87.900235,0.049477
40,16,89.809673,0.049477
40,16,91.886286,0.024738
40,16,93.838587,0.024738
40,16,96.058382,0.024738
40,16,97.773161,0.049477
40,16,99.761608,0.049477
40,16,102.079806,0.024738
40,17,1.055616,0.049477
40,17,3.312643,0.123691
40,17,5.003154,0.000000
40,17,7.080346,-0.024738
40,17,9.038118,-0.024738
40,17,10.972938,-0.024738
40,17,13.299017,-0.024738
40,17,15.032461,-0.024738
40,17,17.090128,-0.222645
40,17,18.979887,0.074215
40,17,21.283980,0.024738
40,17,22.867664,0.000000
40,17,25.038590,-0.024738
40,17,27.028272,-0.024738
40,17,29.005960,-0.024738
40,17,31.050773,-0.049477
40,17,33.059009,0.000000
40,17,35.021659,0.000000
40,17,36.924035,-0.049477
40,17,39.185661,-0.148430
40,17,40.761027,-0.049477
40,17,42.824628,-0.049477
40,17,44.686155,-0.049477
40,17,46.771098,-0.074215
40,17,48.815736,-0.024738
40,17,50.727839,0.000000
40,17,52.665285,0.000000
40,17,54.737798,0.000000
40,17,56.794840,0.049477
40,17,58.848728,0.000000
40,17,60.841902,0.000000
40,17,62.841801,0.123691
40,17,64.747557,0.024738
40,17,66.846710,0.074215
40,17,68.787444,0.049477
40,17,70.863806,0.074215
40,17,72.823987,0.049477
40,17,74.876175,0.074215
40,17,76.832151,0.049477
40,17,78.872653,0.123691
40,17,80.855924,0.024738
40,17,82.837431,0.024738
40,17,84.886701,0.000000
40,17,86.797592,0.074215
40,17,89.210037,0.074215
40,17,90.874600,0.024738
40,17,92.938054,0.024738
40,17,94.905432,0.074215
40,17,97.038033,0.049477
40,17,98.958955,0.024738
40,18,1.946863,0.074215
40,18,3.964383,0.049477
40,18,5.960505,-0.049477
40,18,7.963937,-0.049477
40,18,9.869004,0.049477
40,18,11.967044,0.123691
40,18,13.814228,-0.024738
40,18,15.900943,-0.024738
40,18,17.960668,-0.049477
40,18,19.946273,0.024738
40,18,21.841430,0.000000
40,18,23.888576,-0.074215
40,18,25.885127,0.024738
40,18,27.776186,-0.074215
40,18,29.894243,0.074215
40,18,32.017493,0.000000
40,18,33.875761,-0.024738
40,18,35.932175,0.000000
40,18,37.894738,0.074215
40,18,39.918113,0.000000
40,18,42.041462,-0.173168
40,18,44.174307,0.000000
40,18,45.835346,0.123691
40,18,48.171116,0.000000
40,18,50.025121,0.024738
40,18,52.203830,0.024738
40,18,53.990141,0.000000
40,18,55.943132,0.024738
40,18,58.201105,0.049477
40,18,59.978898,-0.024738
40,18,61.986798,0.024738
40,18,63.880117,0.024738
40,18,66.159958,0.024738
40,18,67.902455,0.049477
40,18,69.829104,0.123691
40,18,72.181682,0.049477
40,18,73.981058,0.123691
40,18,76.185882,0.148430
40,18,78.136091,0.074215
40,18,79.837514,0.049477
40,18,82.412261,0.123691
40,18,84.176551,0.024738
40,18,86.172733,0.148430
40,18,87.831626,0.074215
40,18,89.881229,0.049477
40,18,91.855640,0.074215
40,18,93.900963,0.123691
40,18,95.916410,0.074215
40,18,97.740190,0.049477
40,18,99.890190,0.074215
40,19,1.739547,0.123691
40,19,3.221567,0.074215
40,19,5.173330,0.000000
40,19,7.164289,0.000000
40,19,9.209315,0.000000
40,19,11.083267,-0.024738
40,19,13.264460,-0.024738
40,19,15.280982,-0.049477
40,19,17.189462,-0.074215
40,19,19.376736,-0.074215
40,19,21.359115,-0.024738
40,19,23.447287,0.049477
40,19,25.114059,0.000000
40,19,27.108780,-0.074215
40,19,29.200187,-0.049477
40,19,31.244229,0.123691
40,19,33.226349,0.024738
40,19,35.282605,-0.222645
40,19,37.280217,-0.222645
40,19,39.293463,0.123691
40,19,41.403675,0.049477
40,19,43.436696,0.049477
40,19,45.136109,0.000000
40,19,47.465130,-0.346336
40,19,49.252462,0.000000
40,19,51.581713,0.000000
40,19,53.322742,-0.148430
40,19,55.266123,-0.024738
40,19,57.258398,0.000000
40,19,59.143313,0.000000
40,19,61.351062,0.074215
40,19,63.176207,0.074215
40,19,65.477766,0.049477
40,19,67.427358,0.074215
40,19,69.454186,-0.024738
40,19,71.464004,0.049477
40,19,73.506690,0.049477
40,19,75.504399,0.049477
40,19,77.207582,0.074215
40,19,79.209015,0.123691
40,19,81.143105,0.024738
40,19,83.221648,0.049477
40,19,85.263982,0.049477
40,19,87.160869,0.049477
40,19,89.506216,0.024738
40,19,91.348458,0.024738
40,19,93.308705,0.049477
40,19,95.450255,0.049477
40,19,97.293154,0.024738
40,19,99.144247,0.049477
